Title,Director,Cast,Genre,Music director,Year,Sources,Opening,Opening.1
Aaghaaz,Yogesh Ishwar,"Sunil Shetty, Sushmita Sen, Namrata Shirodkar",Thriller,Anu Malik,2000,,,
Aaj Ka Ravan,Imran Khalid,"Kasam Ali, Mithun Chakraborty",Drama,,2000,,,
Anjaane,Ravi Rai,"Raveena Tandon, Vivek Mushran",Romance,Rajesh Roshan,2000,,,
Anokha Moti,Anshul Singla,"Sanjay Sharma, Arjun Chakraborty, Nayab Aftab",Family,,2000,,,
Apradhi Kaun,Mohan Bhakri,"Ishrat Ali, Shagufta Ali",Thriller,,2000,,,
Astitva,Mahesh Manjrekar,"Tabu, Sachin Khedekar, Smita Jaykar, Mohnish Bahl","Drama, Social",,2000,,,
Baaghi,Rajesh Kumar Singh,"Sanjay Dutt, Manisha Koirala",Action,Sajid-Wajid,2000,,,
Badal,Raj Kanwar,"Bobby Deol, Rani Mukerji","Action, Drama",Anu Malik,2000,,,
Bas Yaari Rakho,Gopi Desai,"Pooja Batra, Seema Biswas","Comedy, Drama",,2000,,,
Bawandar,Jag Mundhra,"Nandita Das, Rahul Khanna",Drama,,2000,,,
Beti No.1,Rama Rao Tatineni,"Govinda, Rambha",Comedy,Viju Shah,2000,,,
Bhai Thakur,"Willy, Raja","Dharmendra, Shakti Kapoor, Upasna Singh",Action,,2000,,,
Bichhoo,Guddu Dhanoa,"Bobby Deol, Rani Mukerji, Malaika Arora",Action,Anand Raj Anand,2000,,,
Billa No. 786,Imran Khalid,Mithun Chakraborty,Action,Anand-Milind,2000,,,
Bulandi,Rama Rao Tatineni,"Rajinikanth, Rekha, Anil Kapoor, Raveena Tandon",Drama,Viju Shah,2000,,,
Chal Mere Bhai,David Dhawan,"Sanjay Dutt, Salman Khan, Karisma Kapoor, Twinkle Khanna, Sonali Bendre, Shakti Kapoor, Dalip Tahil",Comedy,Anand-Milind,2000,,,
Champion,Padam Kumar,"Sunny Deol, Manisha Koirala","Action, Drama",Anu Malik,2000,,,
Dahshat,Tulsi Ramsay,"Sarika, Navin Nischol",Horror,,2000,,,
Deewane,Harry Baweja,"Ajay Devgn, Urmila Matondkar, Mahima Chaudhry","Action, Romance",Sanjeev-Darshan,2000,,,
Dhai Akshar Prem Ke,Raj Kanwar,"Abhishek Bachchan, Aishwarya Rai","Romance, Drama",Jatin-Lalit,2000,,,
Dhadkan,Dharmesh Darshan,"Akshay Kumar, Sunil Shetty, Shilpa Shetty","Romance, Drama",Nadeem-Shravan,2000,,,
Dil Ki Dhadkan,,Rambha,,,2000,,,
Dil Pe Mat Le Yaar,Hansal Mehta,"Manoj Bajpai, Tabu",Drama,Vishal,2000,,,
Dr. Babasaheb Ambedkar,Jabbar Patel,"Mammootty, Sonali Kulkarni",,,2000,,,
Dr Mukta,,"Amar Babaria, Jaya Bachchan, Abhay Chandarana",,,2000,,,
Dulhan Hum Le Jayenge,David Dhawan,"Salman Khan, Karisma Kapoor","Comedy, Romance",Himesh Rashammiya,2000,,,
Fiza,Khalid Mohammed,"Jaya Bachchan, Karisma Kapoor, Hrithik Roshan","Drama, Family, Thriller",Anu Malik,2000,,,
Gaja Gamini,M. F. Hussain,"Madhuri Dixit, Shabana Azmi, Shilpa Shirodkar, Naseeruddin Shah, Shah Rukh Khan",Drama,,2000,,,
Gang,Mazhar Khan,"Juhi Chawla, Nana Patekar, Jackie Shroff",Crime,Anu Malik,2000,,,
Ghaath,Akashdeep,"Tabu, Manoj Bajpai, Arshad Warsi",Drama,Anu Malik,2000,,,
Hadh Kar Di Aapne,Manoj Agrawal,"Govinda, Rani Mukerji","Comedy, Romance",Anand Raj Anand,2000,,,
Hamara Dil Aapke Paas Hai,Satish Kaushik,"Anil Kapoor, Aishwarya Rai, Sonali Bendre",Drama,Sanjeev-Darshan,2000,,,
Har Dil Jo Pyar Karega,Raj Kanwar,"Salman Khan, Preity Zinta, Rani Mukerji, Shah Rukh Khan","Comedy, Drama, Romance",Anu Malik,2000,,,
Hari-Bhari,Shyam Benegal,"Shabana Azmi, Rajit Kapur, Rajeshwari Sachdev, Surekha Sikri, Nandita Das",,,2000,,,
Hera Pheri,Priyadarshan,"Akshay Kumar, Suniel Shetty, Tabu, Paresh Rawal",Comedy,Anu Malik,2000,,,
Hey Ram,Kamal Hassan,"Kamal Hassan, Shah Rukh Khan, Rani Mukerji, Vasundhara Das, Hema Malini, Girish Karnad, Om Puri",Drama,Ilaiyaraaja,2000,,,
Hum To Mohabbat Karega,Kundan Shah,"Bobby Deol, Karisma Kapoor","Action, Romance",Anu Malik,2000,,,
Jallad No. 1,Kanti Shah,Dharmendra,Drama,,2000,,,
Jis Desh Mein Ganga Rehta Hain,Mahesh Manjrekar,"Govinda, Sonali Bendre, Rinke Khanna, Shakti Kapoor",Drama,Anand Raj Anand,2000,,,
Joru Ka Ghulam,Shakeel Noorani,"Govinda, Twinkle Khanna",Drama,Aadesh Shrivastva,2000,,,
Josh,Mansoor Khan,"Shah Rukh Khan, Chandrachur Singh, Aishwarya Rai, Priya Gill, Sharad Kapoor","Action, Romance",Anu Malik,2000,,,
Jung,Sanjay Gupta,"Sanjay Dutt, Shilpa Shetty, Raveena Tandon, Jackie Shroff",Drama,Anu Malik,2000,,,
Jungle,Ram Gopal Verma,"Urmila Matondkar, Fardeen Khan, Sunil Shetty",Romance,Sandeep Chowta,2000,,,
Kabrastan,Ramesh U. Lakhiani,,Horror,,2000,,,
Kahin Pyaar Na Ho Jaaye,K. Muralimohana Rao,"Salman Khan, Rani Mukerji, Jackie Shroff, Raveena Tandon, Pooja Batra","Comedy, Romance",Himesh Reshammiya,2000,,,
Kaho Naa... Pyaar Hai,Rakesh Roshan,"Hrithik Roshan, Amisha Patel, Anupam Kher","Romance, Drama, Musical, Thriller",Rajesh Roshan,2000,,,
Kairee,Amol Palekar,"Atul Kulkarni, Yogita Deshmukh, Shilpa Navalkar",Drama,,2000,,,
Karobaar: The Business of Love,Rakesh Roshan,"Rishi Kapoor, Anil Kapoor, Juhi Chawla",Drama,Rajesh Roshan,2000,,,
Kharidaar,Papu Bahruz,"Kishore Anand Bhanushali, Mushtaq Khan, Anil Nagrath, Amit Pachori",,,2000,,,
Khauff,Sanjay Gupta,"Sanjay Dutt, Manisha Koirala, Simran Bagga",Drama,Anu Malik,2000,,,
Khiladi 420,Neeraj Vora,"Akshay Kumar, Mahima Chaudhry, Antara Mali","Action, Romance",Sanjeev-Darshan,2000,,,
Krodh,Ashok Honda,"Suniel Shetty, Rambha",Action,Anand-Milind,2000,,,
Kunwara,David Dhawan,"Govinda, Urmila Matondkar",Comedy,Aadesh Shrivastva,2000,,,
Kurukshetra,Mahesh Manjrekar,"Sanjay Dutt, Mahima Chaudhry","Action, Romance",Himesh Reshammiya,2000,,,
Kya Kehna,Kundan Shah,"Preity Zinta, Chandrachur Singh, Farida Jalal, Anupam Kher","Romance, Drama",Rajesh Roshan,2000,,,
Le Chal Apne Sang,Vijay Kondke,"Nishanth, Alok Nath, Beena Banerjee",Romance,,2000,,,
Lekroo,Shrabani Deodhar,"Sania Jhankar, Nimish Kathale, Sachin Khedekar, Mrinal Kulkarni",,,2000,,,
Mela,Dharmesh Darshan,"Aamir Khan, Twinkle Khanna, Faisal Khan, Aishwarya Rai, Johny Lever",Drama,Anu Malik,2000,,,
Meri Jung Ka Elaan,Kanti Shah,Dharmendra,Drama,,2000,,,
Mission Kashmir,Vidhu Vinod Chopra,"Sanjay Dutt, Hrithik Roshan, Preity Zinta, Jackie Shroff, Sonali Kulkarni","Drama, War, Thriller",Shankar-Ehsan-Loy,2000,,,
Mohabbatein,Aditya Chopra,"Amitabh Bachchan, Shah Rukh Khan, Aishwarya Rai, Uday Chopra, Shamita Shetty, Jugal Hansraj, Kim Sharma, Jimmy Sheirgill, Preeti Jhangiani","Drama, Romance, Musical, Family",Jatin Lalit,2000,,,
Nidaan,Mahesh Manjrekar,"Shivaji Satam, Reema Lagoo, Nisha Bains, Sunil Barve",Drama,,2000,,,
Pandavas: The Five Warriors,Usha Ganesh Raja,,Animation,Ilaiyaraaja,2000,,,
Papa the Great,K. Bhagyaraj,"Krishna Kumar, Nagma",Family,Nikhil-Vinay,2000,,,
Phir Bhi Dil Hai Hindustani,Aziz Mirza,"Shah Rukh Khan, Juhi Chawla, Paresh Rawal, Johny Lever, Dalip Tahil, Satish Shah, Sharat Saxena","Comedy, Drama, Romance, Musical",Jatin Lalit,2000,,,
The Prince of Light,Yugo Sako,"Bryan Cranston, Edie Mirman, Tom Wyner, Richard Cansino",,,2000,,,
Pukar,Rajkumar Santoshi,"Anil Kapoor, Madhuri Dixit, Namrata Shirodkar",Drama,A. R. Rahman,2000,,,
Raja Ko Rani Se Pyar Ho Gaya,T.K. Rajeev Kumar,"Manisha Koirala, Arvind Swamy","Comedy, Musical",,2000,,,
Raju Chacha,Anil Devgan,"Ajay Devgn, Kajol, Rishi Kapoor, Sanjay Dutt",Comedy,Jatin Lalit,2000,,,
Refugee,J. P. Dutta,"Abhishek Bachchan, Kareena Kapoor, Sunil Shetty, Jackie Shroff, Anupam Kher","Drama, Romance",Anu Malik,2000,,,
The Revenge: Geeta Mera Naam,Dilip Gulati,"Birbal, Dharmendra, Jack Gaud, Ali Khan",,,2000,,,
Saanjh,Sabrina Dhawan,"Nandita Das, Sharda Desoares, Arjun Raina, Rahul Vohra",,,2000,,,
Second Generation,,,,,2000,,,
Shikaar,Bobby Raj,"Abhishek Kapoor, Vikas Bhalla, Ayesha Jhulka, Anupam Kher",,,2000,,,
Shikari,N. Chandra,"Govinda, Karishma Kapoor, Tabu","Thriller, Action, Romance",Aadesh Shrivastva,2000,,,
Snip!,Sunil Sippy,"Sohrab Ardeshir, Nikhil Chinappa, Makrand Deshpande, Vekeana Dhillon",,,2000,,,
Sultaan,,Vikas Anand,,,2000,,,
Tapish,Jay Prakash,"Tara Deshpande, Ellora Patnaik, Parvin Dabas, Gajendra Chouhan",,,2000,,,
Tarkieb,Esmayeel Shroff,"Milind Soman, Nana Patekar, Tabu, Shilpa Shetty","Suspense, Thriller",Aadesh Shrivastva,2000,,,
Tera Jadoo Chal Gayaa,A. Muthu,"Abhishek Bachchan, Kirti Reddy, Sanjay Suri",Romance,Ismail Darbar,2000,,,
Tere Liye,Sanjay Gadhvi,"Imran Ahmed Khan, Sonali Khare, Neelu Kohli, Hiten Paintal",,,2000,,,
Tune Mera Dil Le Liyaa,B.B. Bhalla,"Raveena Tandon, Naseeruddin Shah, Rahul Roy, Shakti Kapoor",,,2000,,,
Zindagi Zindabad,Sumitra Bhave–Sunil Sukthankar,"Mita Vasisht, Milind Gunaji, Uttara Baokar, Abhiram Bhadkamkar",,,2000,,,
Abhay,Suresh Krissna,"Kamal Hassan, Manisha Koirala, Raveena Tandon",Thriller,,2001,,,
Aamdani Atthanni Kharcha Rupaiya,K. Raghavendra Rao,"Govinda, Juhi Chawla, Johnny Lever, Tabu, Isha Koppikar",Family Drama,,2001,,,
Aashiq,Indra Kumar,"Bobby Deol, Karisma Kapoor",Action Comedy,,2001,,,
Ajnabee,Abbas Mustan,"Bobby Deol, Akshay Kumar, Kareena Kapoor, Bipasha Basu, Johnny Lever","Thriller, Suspense, Crime",,2001,,,
Aks,Rakeysh Omprakash Mehra,"Amitabh Bachchan, Raveena Tandon, Manoj Bajpai, Nandita Das","Thriller, Horror",,2001,,,
Albela,Deepak Sareen,"Govinda, Aishwarya Rai, Namrata Shirodkar, Jackie Shroff",Romance,,2001,,,
Aśoka,Santosh Sivan,"Shah Rukh Khan, Ajith Kumar, Kareena Kapoor, Hrishita Bhatt",History,,2001,,,
Bas Itna Sa Khwaab Hai,Goldie Behl,"Abhishek Bachchan, Rani Mukerji, Sushmita Sen, Jackie Shroff","Drama, Romance, Social",,2001,,,
Bengal Tiger,,"Mithun Chakraborty, Shakti Kapoor",Action,,2001,,,
Bhairav,,Mithun Chakraborty,,,2001,,,
Censor,Dev Anand,,,,2001,,,
Chandni Bar,Madhur Bhandarkar,"Tabu, Atul Kulkarni",Drama,,2001,,,
Chhupa Rustam: A Musical Thriller,Aziz Sejawal,"Sanjay Kapoor, Mamta Kulkarni, Manisha Koirala",Thriller,,2001,,,
Chori Chori Chupke Chupke,Abbas Mustan,"Salman Khan, Rani Mukerji, Preity Zinta","Drama, Romance, Musical, Social",,2001,,,
Daman,Kalpana Lajmi,"Raveena Tandon, Raima Sen, Sanjay Suri, Sayaji Shinde",Drama,,2001,,,
Dattak,Gul Bahar Singh,"Rajit Kapoor, Anjan Srivastav, A. K. Hangal, Kruttika Desai",,,2001,,,
Deewaanapan,,"Arjun Rampal, Diya Mirza","Drama, Romance",,2001,,,
Dil Chahta Hai,Farhan Akhtar,"Aamir Khan, Saif Ali Khan, Akshaye Khanna, Preity Zinta, Dimple Kapadia, Sonali Kulkarni","Drama, Comedy, Romance, Musical",,2001,,,
Dil Ne Phir Yaad Kiya,,"Govinda, Tabu, Pooja Batra",Romance,,2001,,,
Divya Drishti,,,,,2001,,,
Ehsaas: The Feeling,,"Sunil Shetty, Neha",Drama,,2001,,,
Ek Rishtaa: The Bond of Love,Suneel Darshan,"Amitabh Bachchan, Raakhee Gulzar, Akshay Kumar, Karisma Kapoor, Juhi Chawla, Shakti Kapoor",Family Drama,,2001,,,
Farz,Raj Kanwar,"Sunny Deol, Preity Zinta","Action, Romance",,2001,,,
Gadar: Ek Prem Katha,Anil Sharma,"Sunny Deol, Amisha Patel, Amrish Puri","Drama, War, Romance, Action",,2001,,,
Grahan,Shashilal K. Nair,"Jackie Shroff, Manisha Koirala, Anupama Verma",Romance,,2001,,,
Hadh: Life on the Edge of Death,,,,,2001,,,
Hum Ho Gaye Aapke,Agathiyan,"Fardeen Khan, Reema Sen",Romance,,2001,,,
Indian,N. Maharajan,"Sunny Deol, Shilpa Shetty, Danny Denzongpa",Action,,2001,,,
Ittefaq,Sanjay Khanna,"Sunil Shetty, Pooja Batra","Action, Drama, Thriller",,2001,,,
Jodi No.1,David Dhawan,"Sanjay Dutt, Govinda, Twinkle Khanna, Monica Bedi",Comedy,,2001,,,
Kabhi Khushi Kabhie Gham...,Karan Johar,"Amitabh Bachchan, Jaya Bachchan, Shah Rukh Khan, Kajol, Hrithik Roshan, Kareena Kapoor","Drama, Romance, Family",,2001,,,
Kasam,Shibu Mitra,"Sunny Deol, Chunky Pandey",Action,,2001,,,
Kasoor,Vikram Bhatt,"Lisa Ray, Aftab Shivdasani, Divya Dutta",Thriller,,2001,,,
Kuch Khatti Kuch Meethi,Rahul Rawail,"Sunil Shetty, Kajol, Rishi Kapoor, Rati Agnihotri","Comedy, Drama",,2001,,,
Kyo Kii Main Jhuth Nahin Bolta,David Dhawan,"Govinda, Sushmita Sen","Comedy, Romance",,2001,,,
Lagaan: Once Upon a Time in India,Ashutosh Gowariker,"Aamir Khan, Gracy Singh, Rachel Shelley, Toby Stephens","Drama, Musical, Social",,2001,,,
Lajja,Rajkumar Santoshi,"Manisha Koirala, Rekha, Madhuri Dixit, Jackie Shroff, Anil Kapoor, Mahima Chaudhry, Ajay Devgn","Drama, Romance, Musical, Crime",,2001,,,
Love Ke Liye Kuchh Bhi Karega,E. Niwas,"Saif Ali Khan, Fardeen Khan, Aftab Shivdasani, Twinkle Khanna, Sonali Bendre",Comedy,,2001,,,
Maya,,,,,2001,,,
Mitti,,,,,2001,,,
Moksha,Ashok Mehta,"Manisha Koirala, Arjun Rampal",Drama,,2001,,,
Mujhe Kucch Kehna Hai,Satish Kaushik,"Tusshar Kapoor, Kareena Kapoor, Rinke Khanna",Comedy,,2001,,,
Mujhe Meri Biwi Se Bachaao,Harry Baweja,"Naseeruddin Shah, Rekha, Arshad Warsi, Suman Ranganathan","Comedy, Family",,2001,,,
Nayak,S. Shankar,"Anil Kapoor, Rani Mukerji, Paresh Rawal, Amrish Puri, Johnny Lever",Drama,,2001,,,
Officer,Naeem Sha,"Sunil Shetty, Raveena Tandon",Action,,2001,,,
One 2 Ka 4,Shashilal K. Nair,"Shahrukh Khan, Juhi Chawla, Jackie Shroff","Action, Romance",,2001,,,
Paagalpan,Aruna Irani,"Karan Nath, Aarti Agarwal",Romance,,2001,,,
Pyaar Ishq Aur Mohabbat,Rajiv Rai,"Suniel Shetty, Arjun Rampal, Aftab Shivdasani, Isha Koppikar, Kirti Reddy",Romance,,2001,,,
Pyaar Tune Kya Kiya,Rajat Mukherjee,"Urmila Matondkar, Fardeen Khan, Sonali Kulkarni","Drama, Romance, Thriller",,2001,,,
Pyaar Zindagi Hai,,,,,2001,,,
Rahul,Prakash Jha,"Neha, Jatin Grewal, Rajeshwari Sachdev",Drama,,2001,,,
Rehnaa Hai Terre Dil Mein,Gautham Menon,"Saif Ali Khan, Dia Mirza, R. Madhavan",Romance,,2001,,,
Shirdi Sai Baba,,,,,2001,,,
Style,N. Chandra,"Sahil Khan, Sharman Joshi, Riya Sen, Tara Deshpande",Romance,,2001,,,
Tamboo Mein Bamoo,,,,,2001,,,
Tera Mera Saath Rahen,Mahesh Manjrekar,"Ajay Devgn, Sonali Bendre, Namrata Shirodkar",Drama,,2001,,,
Tum Bin,Anubhav Sinha,"Priyanshu Chatterjee, Himanshu Malik, Sandali Sinha, Rakesh Bapat",Romance,,2001,,,
Veer Savarkar,,,,,2001,,,
Yaadein,Subhash Ghai,"Hrithik Roshan, Kareena Kapoor, Jackie Shroff, Amrish Puri","Romance, Drama",,2001,,,
Yeh Raaste Hain Pyaar Ke,Deepak S. Shivdasani,"Ajay Devgan, Madhuri Dixit, Preity Zinta, Sunny Deol",Drama,,2001,,,
Yeh Teraa Ghar Yeh Meraa Ghar,Priyadarshan,"Suniel Shetty, Mahima Chaudhry",Drama,,2001,,,
Yeh Zindagi Ka Safar,Tanuja Chandra,"Amisha Patel, Jimmy Sheirgill",,,2001,,,
Zubeidaa,Shyam Benegal,"Karisma Kapoor, Rekha, Manoj Bajpai, Amrish Puri, Lilette Dubey",Drama,,2001,,,
16 December,Mani Shankar,"Milind Soman, Dipannita Sharma, Gulshan Grover, Aditi Govitrikar, Sushant Singh",Action,,2002,,,
23rd March 1931: Shaheed,Guddu Dhanoa,"Sunny Deol, Bobby Deol, Divya Dutta, Amrita Singh",Historical Drama,,2002,,,
Aankhen,Vipul Shah,"Amitabh Bachchan, Akshay Kumar, Paresh Rawal, Arjun Rampal, Sushmita Sen, Kashmira Shah, Bipasha Basu","Thriller, Action",,2002,,,
Aap Mujhe Achche Lagne Lage,Vikram Bhatt,"Hrithik Roshan, Amisha Patel","Romance, Drama",,2002,,,
Ab Ke Baras,Raj Kanwar,"Amrita Rao, Arya Babbar, Ashish Vidyarthi","Romance, Drama",,2002,,,
Agni Varsha,Arjun Sajnani,"Raveena Tandon, Akkineni Nagarjuna, Prabhu Deva, Milind Soman, Jackie Shroff, Sonali Kulkarni, Amitabh Bachchan",Historical,,2002,,,
Akhiyon Se Goli Maare,Harmesh Malhotra,"Govinda, Raveena Tandon, Kader Khan",Comedy,,2002,,,
Annarth,Ravi Dewan,"Sunil Shetty, Sanjay Dutt, Ashutosh Rana, Preeti Jhangiani, Johny Lever, Tinu Anand","Action, Thriller",,2002,,,
Ansh: The Deadly Part,,"Om Puri, Ashutosh Rana, Abbas, Sharbani Mukherji","Action, Thriller",,2002,,,
Awara Paagal Deewana,Vikram Bhatt,"Akshay Kumar, Sunil Shetty, Aftab Shivdasani, Amrita Arora, Rahul Dev, Preeti Jhangiani","Action, Comedy",,2002,,,
Baaja,Apurba Kishore Bir,,Children's,,2002,,,
Be-Lagaam,Ram Lakhan,"Aryan Vaid, Pramod Moutho, Tanveer Zaidi",Action,,2002,,,
Badhaai Ho Badhaai,Satish Kaushik,"Anil Kapoor, Shilpa Shetty, Kirti Reddy","Comedy, Drama",,2002,,,
Bollywood Queen,,,,,2002,,,
Bomb the System,,,,,2002,,,
Chalo Ishq Ladaaye,,"Govinda, Rani Mukerji",Comedy,,2002,,,
Chor Machaaye Shor,Aziz Sejawal,"Shilpa Shetty, Bobby Deol, Bipasha Basu","Comedy, Romance, Crime",,2002,,,
Company,Ram Gopal Varma,"Mohanlal, Ajay Devgn, Manisha Koirala, Vivek Oberoi, Antara Mali","Crime, Drama",,2002,,,
Deewangee,,"Ajay Devgn, Akshaye Khanna, Urmila Matondkar,",Thriller,,2002,,,
Desh Devi,,,,,2002,,,
Devdas,Sanjay Leela Bhansali,"Shah Rukh Khan, Madhuri Dixit, Aishwarya Rai, Jackie Shroff","Romance, Drama, Musical, Historical",,2002,,,
Dil Hai Tumhaara,Kundan Shah,"Rekha, Preity Zinta, Mahima Chaudhry, Arjun Rampal, Jimmy Sheirgill, Alok Nath","Family, Romance, Drama",,2002,,,
Dil Vil Pyar Vyar,Anant Mahadevan,"Jimmy Sheirgill, Sanjay Suri, Namrata Shirodkar, R. Madhavan, Sonali Kulkarni, Hrishita Bhatt","Romance, Drama",,2002,,,
Ek Chhotisi Love Story,Shashilal K. Nair,Manisha Koirala,Erotic,,2002,,,
Encounter: The Killing,,,,,2002,,,
Filhaal,Meghna Gulzar,"Tabu, Sushmita Sen, Sanjay Suri",Drama,,2002,,,
Ghaav: The Wound,Kumar Jay,"Pankaj Berry, Rahul Bhatt, Seema Biswas, Gayatri",,,2002,,,
Gunaah,Amol Shetge,"Dino Morea, Bipasha Basu, Irrfan Khan","Thriller, Romance",,2002,,,
Haan Maine Bhi Pyaar Kiya,Dharmesh Darshan,"Akshay Kumar, Karisma Kapoor, Abhishek Bachchan","Drama, Romance",,2002,,,
Hathyar,Mahesh Manjrekar,"Sanjay Dutt, Shilpa Shetty, Namrata Shirodkar",Drama,,2002,,,
Hum Kisise Kum Nahin,David Dhawan,"Amitabh Bachchan, Ajay Devgn, Sanjay Dutt, Aishwarya Rai","Action, Comedy",,2002,,,
Hum Pyar Tumhi Se Kar Baithe,,"Jugal Hansraj, Tina Rana",Romance,,2002,,,
Hum Tumhare Hain Sanam,K. S. Adhiyaman,"Salman Khan, Shah Rukh Khan, Madhuri Dixit, Atul Agnihotri, Aishwarya Rai","Drama, Romance",,2002,,,
Humraaz,Abbas-Mustan,"Bobby Deol, Akshaye Khanna, Amisha Patel","Thriller, Romance, Musical",,2002,,,
Jaani Dushman: Ek Anokhi Kahani,Rajkumar Kohli,"Sunny Deol, Akshay Kumar, Sunil Shetty, Sonu Nigam, Arshad Warsi, Aftab Shivdasani, Manisha Koirala",Fantasy,,2002,,,
Jang Aur Aman,,,,,2002,,,
Jeena Sirf Merre Liye,Satish Kaushik,"Tusshar Kapoor, Kareena Kapoor, Mallika Sherawat",Romance,,2002,,,
Kaante,Sanjay Gupta,"Amitabh Bachchan, Sanjay Dutt, Suniel Shetty, Kumar Gaurav, Mahesh Manjrekar, Lucky Ali, Malaika Arora, Rati Agnihotri","Action, Thriller",,2002,,,
Kabhie Tum Kabhie Hum,,,,,2002,,,
Karz: The Burden of Truth,Harry Baweja,"Sunny Deol, Sunil Shetty, Shilpa Shetty","Action, Thriller",,2002,,,
Kehtaa Hai Dil Baar Baar,Rahul Dholakia,"Jimmy Shergill, Kim Sharma, Paresh Rawal",,,2002,,,
Kitne Door Kitne Paas,,"Fardeen Khan, Amrita Arora, Sonali Kulkarni","Romance, Drama, Comedy",,2002,,,
Koi Mere Dil Se Poochhe,Boney Kapoor,"Jaya Bachchan, Esha Deol, Aftab Shivdasani, Sanjay Kapoor, Anupam Kher","Drama, Romance, Social",,2002,,,
Kranti,,"Bobby Deol, Amisha Patel",,,2002,,,
Kuch Tum Kaho Kuch Hum Kahein,,"Fardeen Khan, Richa Pallod",Romance,,2002,,,
Kya Yehi Pyaar Hai,,"Amisha Patel, Aftab Shivdasani, Jackie Shroff",,,2002,,,
Kyaa Dil Ne Kahaa,,"Tusshar Kapoor, Esha Deol",Romance,,2002,,,
Lal Salaam,Gaganvihari Borate,"Nandita Das, Sharad Kapoor, Makrand Deshpande, Vijay Raaz",,,2002,,,
Maa Tujhhe Salaam,,"Sunny Deol, Tabu, Arbaaz Khan",Drama,,2002,,,
Maine Dil Tujhko Diya,Sohail Khan,"Sohail Khan, Sameera Reddy, Sanjay Dutt, Kabir Bedi","Action, Romance",,2002,,,
Makdee,Vishal Bhardwaj,"Shabana Azmi, Makarand Deshpande",,,2002,,,
Maseeha,Partho Ghosh,"Sunil Shetty, Namrata Shirodkar",Action,,2002,,,
Mere Yaar Ki Shaadi Hai,Sanjay Gadhvi,"Uday Chopra, Bipasha Basu, Tulip Joshi, Jimmy Shergill",Romance,,2002,,,
"Mitr, My Friend",Revathi,"Shobhana, Matt Phillips",Drama,,2002,,,
Mohabbat Ho Gayi Hai Tumse,,"Sanjay Dutt, Shamita Shetty, Chandrachur Singh",,,2002,,,
Mujhse Dosti Karoge!,Kunal Kohli,"Hrithik Roshan, Rani Mukerji, Kareena Kapoor","Romance, Drama, Comedy, Musical",,2002,,,
Mulaqaat,,"Vinay Anand, Arun Bakshi, Rita Bhaduri, Milind Gunaji",,,2002,,,
Na Tum Jaano Na Hum,Arjun Sablok,"Saif Ali Khan, Hrithik Roshan, Esha Deol","Romance, Drama",,2002,,,
Nishad,,,,,2002,,,
Om Jai Jagadish,Anupam Kher,"Waheeda Rehman, Anil Kapoor, Fardeen Khan, Abhishek Bachchan, Mahima Chaudhry, Urmila Matondkar, Tara Sharma","Family, Drama, Social",,2002,,,
Pitaah,,"Sanjay Dutt, Nandita Das, Jackie Shroff, Om Puri",,,2002,,,
Pyaar Diwana Hota Hai,,"Govinda, Rani Mukerji",Romance,,2002,,,
Pyar Ki Dhun,,,,,2002,,,
Pyaasa,,"Yukta Mookhey, Aftab Shivdasani","Action, Crime",,2002,,,
Raaz,,"Bipasha Basu, Dino Morea","Horror, Thriller, Romance, Musical",,2002,,,
Rishtey,,"Anil Kapoor, Karisma Kapoor, Shilpa Shetty","Drama, Family",,2002,,,
Road,,"Vivek Oberoi, Antara Mali, Manoj Bajpai",Thriller,,2002,,,
Saathiya,Shaad Ali,"Vivek Oberoi, Rani Mukerji, Shah Rukh Khan, Tabu","Drama, Romance, Social, Musical",,2002,,,
Shaheed-E-Azam,Sukumar Nair,"Sonu Sood, Raz Zutshi, Dev Gill","Historical, Drama",,2002,,,
Shakti - The Power,Boney Kapoor,"Karisma Kapoor, Nana Patekar, Sanjay Kapoor, Shahrukh Khan",Drama,,2002,,,
Shararat,,"Abhishek Bachchan, Hrishita Bhatt","Comedy, Drama",,2002,,,
Soch,,"Sanjay Kapoor, Arbaaz Khan, Raveena Tandon",,,2002,,,
Sur: The Melody of Life,Tanuja Chandra,"Lucky Ali, Gauri Karnik",Musical,,2002,,,
The Legend of Bhagat Singh,Rajkumar Santoshi,"Ajay Devgn, Amrita Rao, Sushant Singh","Historical, Drama",,2002,,,
Tumko Na Bhool Paayenge,,"Salman Khan, Dia Mirza, Sushmita Sen",Drama,,2002,,,
Tum Se Achcha Kaun Hai,,"Rati Agnihotri, Aarti Chabria, Ali Asghar",,,2002,,,
Waah! Tera Kya Kehna,,"Govinda, Raveena Tandon, Preeti Jhangiani",,,2002,,,
Yeh Dil Aashiqanaa,Kuku Kohli,"Karan Nath, Jividha Sharma",,,2002,,,
Yeh Hai Jalwa,David Dhawan,"Rishi Kapoor, Salman Khan, Amisha Patel, Rinke Khanna, Rati Agnihotri, Sanjay Dutt, Anupam Kher",Comedy,,2002,,,
Yeh Kaisi Mohabbat,,,,,2002,,,
Yeh Kya Ho Raha Hai?,Hansal Mehta,"Prashant Chianani, Aamir Ali, Vaibhav Jhalani, Yash Pandit, Payal Rohatgi","Comedy, Romance",,2002,,,
Yeh Mohabbat Hai,,"Rahul Bhatt, Johnny Lever",,,2002,,,
Zindagi Khoobsoorat Hai,Manoj Punj,"Gurdas Maan, Tabu, Divya Dutta, Rajat Kapoor",,,2002,,,
3 Deewarein,Nagesh Kukunoor,"Naseeruddin Shah, Jackie Shroff, Juhi Chawla",Drama,,2003,,,
88 Antop Hill,Kushan Nandy,"Rahul Dev, Shweta Menon, Atul Kulkarni",Thriller,,2003,,,
Aaj Ka Andha Kanoon,,Sudesh Berry,,,2003,,,
Aanch,,"Nana Patekar, Paresh Rawal",,,2003,,,
Aapko Pehle Bhi Kahin Dekha Hai,Anubhav Sinha,"Priyanshu Chatterji, Sakshi Shivanand, Om Puri, Farida Jalal",Romance,,2003,,,
Lavish Jain,,,,,2003,,,
Andaaz,Suneel Darshan,"Akshay Kumar, Priyanka Chopra, Lara Dutta",Romance,,2003,,,
Armaan,Honey Irani,"Amitabh Bachchan, Anil Kapoor, Preity Zinta, Gracy Singh, Randhir Kapoor","Drama, Family",,2003,,,
Baap Ka daap,,,,,2003,,,
Baaz: A Bird in Danger,Tinnu Verma,"Sunil Shetty, Karisma Kapoor, Dino Morea, Jackie Shroff",Thriller,,2003,,,
Baghban,Ravi Chopra,"Amitabh Bachchan, Hema Malini, Aman Verma, Samir Soni, Rimi Sen, Suman Ranganathan, Divya Dutta, Salman Khan, Paresh Rawal, Mahima Chaudhry","Drama, Family",,2003,,,
Bas Yun Hi,Raja Menon,"Nandita Das, Purab Kohli, Sameer Malhotra, Sandhya Shetty",Drama,,2003,,,
Basti,,"Samir Soni, Faisal Khan",Action,,2003,,,
Bhoot,Ram Gopal Varma,"Urmila Matondkar, Rekha, Ajay Devgn, Nana Patekar, Fardeen Khan",Horror,,2003,,,
Boom,,"Amitabh Bachchan, Jackie Shroff, Gulshan Grover, Katrina Kaif, Madhu Sapre, Padma Lakshmi",Thriller,,2003,,,
Butterfly,,,,,2003,,,
The Bypass,,,,,2003,,,
Calcutta Mail,Sudhir Mishra,"Anil Kapoor, Rani Mukerji, Manisha Koirala",Drama,,2003,,,
Chalte Chalte,Aziz Mirza,"Shah Rukh Khan, Rani Mukerji","Drama, Romance, Comedy, Musical",,2003,,,
Chori Chori,Milan Luthria,"Ajay Devgn, Rani Mukerji, Sonali Bendre",Romance,,2003,,,
Chupke Se,,"Zulfi Syed, Masumeh Makhija",,,2003,,,
Chura Liyaa Hai Tumne,Sangeeth Sivan,"Zayed Khan, Esha Deol","Action, Drama, Romance, Thriller",,2003,,,
Dabdaba,,,,,2003,,,
Danav,,,,,2003,,,
Darna Mana Hai,,"Saif Ali Khan, Shilpa Shetty, Sameera Reddy, Vivek Oberoi, Sohail Khan, Aftab Shivdasani, Antara Mali, Nana Patekar, Rajpal Yadav, Isha Koppikar, Sanjay Kapoor","Horror, Thriller",,2003,,,
Dhoop,,"Om Puri, Revathi, Sanjay Suri",,,2003,,,
Dhund,,"Sameer Upadhyay, Aditi Gowitrikar",,,2003,,,
Dil Ka Rishta,,"Arjun Rampal, Aishwarya Rai, Priyanshu Chatterjee, Isha Koppikar, Raakhee, Paresh Rawal","Drama, Romance",,2003,,,
Dil Pardesi Ho Gayaa,,,Romance,,2003,,,
Dum,,"Vivek Oberoi, Diya Mirza, Atul Kulkarni","Action, Drama, Romance",,2003,,,
Ek Alag Mausam,,"Nandita Das, Anupam Kher",,,2003,,,
Ek Aur Ek Gyarah,,"Sanjay Dutt, Govinda, Amrita Arora",Comedy,,2003,,,
Ek Din 24 Ghante,Anant Balani,"Rahul Bose, Nandita Das",,,2003,,,
Escape from Taliban,,Manisha Koirala,Drama,,2003,,,
Final Solution,,,,,2003,,,
Footpath,,"Aftab Shivdasani, Bipasha Basu, Emraan Hashmi, Rahul Dev,",Drama,,2003,,,
Fun2shh... Dudes in the 10th Century,Imtiaz Punjabi,"Gulshan Grover, Paresh Rawal, Farida Jalal",,,2003,,,
Gangaajal,Prakash Jha,"Ajay Devgn, Gracy Singh","Drama, Social",,2003,,,
Green Card Fever,Bala Rajasekharuni,"Deep Katdare, Purva Bedi, Vikram Dasu",Drama,,2003,,,
Haasil,Tigmanshu Dhulia,"Jimmy Sheirgill, Irrfan Khan, Hrishita Bhatt",Drama,,2003,,,
Hawa,,"Tabu, Shahbaz Khan",Horror,,2003,,,
Hawayein,,,,,2003,,,
The Hero: Love Story of a Spy,Anil Sharma,"Sunny Deol, Preity Zinta, Priyanka Chopra","Drama, Action, Thriller",,2003,,,
Humein Tumse Pyar Ho Gaya Chupke Chupke,,,,,2003,,,
Hungama,Priyadarshan,"Akshaye Khanna, Rimi Sen, Aftab Shivdasani, Rajpal Yadav, Paresh Rawal",Comedy,,2003,,,
Indian Babu,,,,,2003,,,
Inteha,,"Vidya Malvade, Ashmit Patel","Drama, Thriller",,2003,,,
Ishq Vishk,Ken Ghosh,"Shahid Kapoor, Amrita Rao",Romance,,2003,,,
Jaal: The Trap,Guddu Dhanoa,"Sunny Deol, Tabu, Reema Sen","Action, Romance",,2003,,,
Jajantaram Mamantaram,,Javed Jaffrey,,,2003,,,
Janasheen,,"Fardeen Khan, Celina Jaitley, Feroz Khan",Thriller,,2003,,,
Jhankaar Beats,,"Juhi Chawla, Rahul Bose, Rinke Khanna, Sanjay Suri, Riya Sen","Drama, Musical",,2003,,,
Jism,Anurag Basu,"Bipasha Basu, John Abraham, Gulshan Grover","Drama, Romance, Thriller",,2003,,,
Jodi Kya Banayi Wah Wah Ramji,,,,,2003,,,
Joggers Park,Anant Balani,"Victor Banerjee, Perizaad Zorabian",,,2003,,,
Kaash... Hamara Dil Pagal Na Hota,Mangal Anand,"Mukesh Ahuja, Chetan Aneja Nigel Borade",,,2003,,,
Kagaar: Life on the Edge,N. Chandra,"Om Puri, Nandita Das, Amitabh Dayal",,,2003,,,
Kahan Ho Tum,,,,,2003,,,
Kaise Kahoon Ke... Pyaar Hai,,Sunny Deol,,,2003,,,
Kal Ho Naa Ho,Nikhil Advani,"Jaya Bachchan, Shah Rukh Khan, Saif Ali Khan, Preity Zinta","Drama, Romance, Comedy, Family, Musical, Social",,2003,,,
Kash Aap Hamare Hote,,"Juhi Babbar, Sonu Nigam",Romance,,2003,,,
Kaya Poochhe Maya Se,,,,,2003,,,
Khanjar: The Knife,Chander Sharma,"Sunil Shetty, Tabu",Action,,2003,,,
Khel – No Ordinary Game,Yusuf Khan,"Sunil Shetty, Sunny Deol, Ajay Jadeja, Celina Jaitley",Thriller,,2003,,,
Khushi,S. J. Surya,"Fardeen Khan, Kareena Kapoor, Amrish Puri",Romance,,2003,,,
Khwahish,Govind Menon,"Mallika Sherawat, Himanshu Malik",Drama,,2003,,,
Koi... Mil Gaya,Rakesh Roshan,"Rekha, Hrithik Roshan, Preity Zinta","Romance, Fantasy, Musical",,2003,,,
Kucch To Hai,,"Tusshar Kapoor, Esha Deol, Natassha, Yash Tonk, Rishi Kapoor, Jeetendra, Moonmoon Sen, Johnny Lever",Thriller,,2003,,,
Kuch Naa Kaho,,"Abhishek Bachchan, Aishwarya Rai, Arbaaz Khan","Drama, Romance, Musical",,2003,,,
Kyon?,,,,,2003,,,
Larger Than Life,,,,,2003,,,
LOC: Kargil,J. P. Dutta,"Suniel Shetty, Sanjay Dutt, Ajay Devgn, Saif Ali Khan, Kareena Kapoor, Rani Mukerji, Abhishek Bachchan, Akshaye Khanna, Sanjay Kapoor, Manoj Bajpai, Isha Koppikar, Mahima Chaudhry, Karan Nath, Esha Deol, Raveena Tandon","War, Drama, Historical",,2003,,,
Love at Times Square,,Sonu Nigam,,,2003,,,
Maa Santoshi Maa,,,,,2003,,,
Main Madhuri Dixit Banna Chahti Hoon,,"Antara Mali, Rajpal Yadav",Comedy,,2003,,,
Main Prem Ki Diwani Hoon,Sooraj R. Barjatya,"Hrithik Roshan, Kareena Kapoor, Abhishek Bachchan","Romance, Drama, Comedy",,2003,,,
Market,,Manisha Koirala,,,2003,,,
Matrubhoomi,,Tulip Joshi,Drama,,2003,,,
Miss India: The Mystery,,,,,2003,,,
Mudda: The Issue,,,,,2003,,,
Mumbai Matinee,Anant Balani,"Rahul Bose, Parijat Zorabian, Anusha Dhandekar",,,2003,,,
Mumbai Se Aaya Mera Dost,Apoorva Agnihotri,"Abhishek Bachchan, Lara Dutta",Drama,,2003,,,
Munna Bhai M.B.B.S.,Rajkumar Hirani,"Sanjay Dutt, Arshad Warsi, Gracy Singh, Jimmy Sheirgill, Boman Irani, Sunil Dutt","Comedy, Social, Musical",,2003,,,
Naag Lok,,,,,2003,,,
Nayee Padosan,,,,,2003,,,
October,,,,,2003,,,
Om,,,,,2003,,,
Oops!,Dipak Tijori,,,,2003,,,
Out of Control,,"Ritesh Deshmukh, Hrishita Bhatt, Brande Roderick, Amrish Puri","Comedy, Romance",,2003,,,
Paanch,,,,,2003,,,
Parwana,,"Ajay Devgn, Amisha Patel, Pooja Batra","Action, Drama, Thriller",,2003,,,
Patth,,"Milind Gunaji, Sharad Kapoor, Nirmal Pandey, Payal Rohatgi, Hyder Kazmi",,,2003,,,
Pehli Nazar Ka Pehla Pyaar: Love at First Sight,,,,,2003,,,
Pinjar,Chandrakant Dwivedi,"Urmila Matondkar, Manoj Bajpai, Sanjay Suri, Priyanshu Chatterjee, Isha Koppikar","Drama, Social",,2003,,,
The Pink Mirror,,,,,2003,,,
Praan Jaye Par Shaan Na Jaye,Sanjay Manjerekar,"Aman Verma, Rinke Khanna, Raveena Tandon, Namrata Shirodkar, Dia Mirza",Comedy,,2003,,,
Qayamat: City Under Threat,Harry Baweja,"Ajay Devgn, Sunil Shetty, Sanjay Kapoor, Neha Dhupia, Arbaaz Khan, Isha Koppikar, Riya Sen, Aashish Chaudhary, Chunky Pandey",Thriller,,2003,,,
Raghu More: Bachelor of Hearts,,,,,2003,,,
Raghu Romeo,Rajat Kapoor,,,,2003,,,
Raja Bhaiya,,"Govinda, Arti Chhabriya",,,2003,,,
Rasikan Re,,,,,2003,,,
"Right Here, Right Now",,,,,2003,,,
Rules: Pyaar Ka Superhit Formula,Parvati Balagopalan,Milind Soman,,,2003,,,
Saaya,,"John Abraham, Tara Sharma, Mahima Chaudhry",Drama,,2003,,,
Sala Bandar!,,,,,2003,,,
Samay: When Time Strikes,,"Sushmita Sen, Jackie Shroff, Sushant Singh",Thriller,,2003,,,
Sanatta: The Silence,,,,,2003,,,
Sandhya,,,,,2003,,,
Satta,Madhur Bhandarkar,Raveena Tandon,"Drama, Social",,2003,,,
Satyaghath: Crime Never Pays,Priyadarshan,"Mohanlal, Mahesh Anand, Cochin Haneefa",,,2003,,,
Shanti,,,,,2003,,,
Sssshhh...,,,,,2003,,,
Stumped,,,,,2003,,,
Supari,,"Uday Chopra, Namrata Shirodkar",,,2003,,,
Surya,,,,,2003,,,
Tada,Sishir Mishra,,,,2003,,,
Taj Mahal: A Monument of Love,Sanjay Khan,,,,2003,,,
Talaash: The Hunt Begins...,Suneel Darshan,"Akshay Kumar, Kareena Kapoor",Thriller,,2003,,,
Tareekh,,,,,2003,,,
Tehzeeb,Khalid Mohammad,"Urmila Matondkar, Shabana Azmi, Arjun Rampal, Rishi Kapoor, Diya Mirza, Namrata Shirodkar",,,2003,,,
Tere Naam,Satish Kaushik,"Salman Khan, Bhoomika Chawla","Drama, Romance",,2003,,,
Tu Bal Bramhachari Main Hoon Kanya Kunwari,,,,,2003,,,
Tujhe Meri Kasam,,"Riteish Deshmukh, Genelia D'Souza",Romance,,2003,,,
Tumse Milke Wrong Number,,Tinnu Anand,,,2003,,,
Valentine Days,,,,,2003,,,
Waisa Bhi Hota Hai Part II,,"Arshad Warsi, Sandhya Mridul, Prashant Narayanan",,,2003,,,
Xcuse Me,N. Chandra,"Sahil Khan, Sharman Joshi, Payal Rohatgi",Comedy,,2003,,,
Yeh Dil,,"Tusshar Kapoor, Natassha",,,2003,,,
Zameen,Rohit Shetty,"Ajay Devgn, Abhishek Bachchan, Bipasha Basu",Thriller,,2003,,,
Aabra Ka Daabra,Dheeraj Kumar,"Hansika Motwani, Shweta Tiwari, Vishal Lalwani, Archana Puran Singh",Fantasy,,2004,,,
Aan: Men at Work,Madhur Bhandarkar,"Akshay Kumar, Sunil Shetty, Shatrughan Sinha, Lara Dutta, Raveena Tandon",Action,,2004,,,
Ab... Bas!,Rajesh Kumar Singh,"Shawar Ali, Rohit Roy, Diana Hayden",Adult,,2004,,,
Ab Tumhare Hawale Watan Saathiyo,Anil Sharma,"Amitabh Bachchan, Akshay Kumar, Bobby Deol, Divya Khosla Kumar","War, Drama",,2004,,,
Aetbaar,Vikram Bhatt,"Amitabh Bachchan, Bipasha Basu, John Abraham",Thriller,,2004,,,
Agnipankh,Sanjeev Puri,"Jimmy Shergill, Rahul Dev, Divya Dutta, Shamita Shetty",,,2004,,,
Aitraaz,Abbas-Mustan,"Akshay Kumar, Kareena Kapoor, Priyanka Chopra","Drama, Romance, Thriller",,2004,,,
Asambhav,Rajiv Rai,"Arjun Rampal, Priyanka Chopra","Mystery, Thriller",,2004,,,
Banana Brothers,Girija Shanker,"Johny Lever, Anupam Kher, Gulshan Grover, Gursewak Mann, Seema Rahmani",Comedy,,2004,,,
Bardaasht,E.Nivas,"Bobby Deol, Lara Dutta, Ritesh Deshmukh, Rahul Dev","Action, Drama, Thriller",,2004,,,
Chameli,Sudhir Mishra,"Kareena Kapoor, Rahul Bose, Rinke Khanna",Drama,,2004,,,
Chand Bujh Gaya,Sharique Minhaj,"Faizal Khan, Shama Sikander, Aliza",Romance,,2004,,,
Charas,Tigmanshu Dhulia,"Jimmy Shergill, Irrfan Khan, Uday Chopra, Hrishita Bhatt, Namrata Shirodkar",Action,,2004,,,
Deewaar,Milan Luthria,"Amitabh Bachchan, Sanjay Dutt, Akshaye Khanna, Kay Kay Menon, Amrita Rao",Drama,,2004,,,
Dev,Govind Nihalani,"Amitabh Bachchan, Fardeen Khan, Kareena Kapoor, Rati Agnihotri, Om Puri, Amrish Puri",Drama,,2004,,,
Dhoom,Sanjay Gadhvi,"Abhishek Bachchan, John Abraham, Uday Chopra, Esha Deol, Rimi Sen","Thriller, Action",,2004,,,
Dil Bechara Pyaar Ka Maara,Omkarnath Mishra,"Vikas Kalantri, Aslam Khan, Divya Palat, Rajpal Yadav, Mallika Kapoor",Comedy,,2004,,,
Dil Maange More,Anant Mahadevan,"Shahid Kapoor, Ayesha Takia, Soha Ali Khan, Tulip Joshi","Romance, Comedy",,2004,,,
Dil Ne Jise Apna Kahaa,Atul Agnihotri,"Salman Khan, Preity Zinta, Bhumika Chawla","Drama, Romance",,2004,,,
Dobara,Shashi Ranjan,"Raveena Tandon, Jackie Shroff, Mahima Chaudhry",Drama,,2004,,,
Dukaan,Iqbal Durrani,"Vikas Kalantri, Rambha, Rati Agnihotri",Adult Romance,,2004,,,
Ek Se Badhkar Ek,Kundan Shah,"Suniel Shetty, Raveena Tandon, Isha Koppikar",Comedy,,2004,,,
Ek Hasina Thi,Sriram Raghavan,"Saif Ali Khan, Urmila Matondkar, Seema Biswas","Thriller, Drama",,2004,,,
Fida,Ken Ghosh,"Fardeen Khan, Kareena Kapoor, Shahid Kapoor, Kim Sharma","Drama, Romance, Thriller",,2004,,,
Garv,Puneet Issar,"Salman Khan, Shilpa Shetty, Arbaaz Khan",Drama,,2004,,,
Gayab,Prawal Raman,"Tusshar Kapoor, Antara Mali, Raghubir Yadav","Fantasy, Thriller",,2004,,,
Girlfriend,Karan Razdan,"Amrita Arora, Isha Koppikar, Aashish Chaudhary","Drama, Romance",,2004,,,
Hatya,,,,,2004,,,
Hava Aney Dey,Partho Sen-Gupta,"Nishikant Kamat, Tannishtha Chatterjee, Rajshree Thakur",Drama,,2004,,,
Hawas,Karan Razdan,"Shawar Ali, Meghna Naidu, Tarun Arora",Erotic Romance,,2004,,,
Hulchul,Priyadarshan,"Akshaye Khanna, Kareena Kapoor, Jackie Shroff, Arbaaz Khan, Sunil Shetty, Arshad Warsi, Paresh Rawal, Amrish Puri","Comedy, Drama, Romance, Family",,2004,,,
Hum Tum,Kunal Kohli,"Saif Ali Khan, Rani Mukherji, Kirron Kher, Rishi Kapoor, Rati Agnihotri, Jimmy Sheirgill, Isha Koppikar","Comedy, Romance, Drama, Musical",,2004,,,
Hyderabad Blues 2,Nagesh Kukunoor,"Tisca Chopra, Elahe Hiptoola, Jyoti Dogra, Vikram Inamdar, Anu Chengappa",Drama,,2004,,,
I Proud to Be an Indian,Puneet Issar,"Sohail Khan, Gulzar Inder Chahal, Puneet Issar, Tim Lawrence",Action,,2004,,,
Insaaf: The Justice,Shrey Srivastava,"Dino Morea, Namrata Shirodkar, Sanjay Suri, Henna, Rajpal Yadav",Action,,2004,,,
Inteqam: The Perfect Game,Pankaj Parashar,"Nethra Raghuraman, Manoj Bajpai, Isha Koppikar",Action,,2004,,,
Ishq Hai Tumse,G. Krishna,"Bipasha Basu, Dino Morea",Drama,,2004,,,
Julie,Deepak Shivdasani,"Neha Dhupia, Yash Tonk, Sanjay Kapoor, Priyanshu Chatterjee",Adult Drama,,2004,,,
Kaun Hai Jo Sapno Mein Aaya,Rajesh Bhatt,"Anupam Kher, Richa Pallod, Rakesh Bapat, Kader Khan, Rajesh Bhatt",Romance,,2004,,,
Kaya Taran,Sashi Kumar,"Seema Biswas, Angad Bedi, Neelambari Bhattacharya, Neeta Mohindra",Drama,,2004,,,
Khakee,Rajkumar Santoshi,"Amitabh Bachchan, Akshay Kumar, Ajay Devgn, Aishwarya Rai, Tusshar Kapoor, Atul Kulkarni","Action, Thriller",,2004,,,
Khamosh Pani,Sabiha Kumar,"Kirron Kher, Amar Ali Malik",Drama,,2004,,,
King of Bollywood,Piyush Jha,"Om Puri, Sophie Dahl, Kavita Kapoor",Comedy,,2004,,,
Kis Kis Ki Kismat,Govind Menon,"Dharmendra, Mallika Sherawat, Rati Agnihotri, Satish Shah",Comedy,,2004,,,
Kismat,Guddu Dhanoa,"Priyanka Chopra, Bobby Deol",Thriller,,2004,,,
Kiss Kis Ko,Sharad Sharan,"Karan Oberoi, Sudhanshu Pandey, Sherrin Varghese, Siddharth Haldipur, Chaitnya Bhosale",Adult Comedy,,2004,,,
Krishna Cottage,Santram Varma,"Sohail Khan, Isha Koppikar, Natassha",Thriller,,2004,,,
Kyun! Ho Gaya Na...,Samir Karnik,"Vivek Oberoi, Aishwarya Rai, Amitabh Bachchan, Sunil Shetty, Diya Mirza, Rati Agnihotri","Romance, Drama, Comedy",,2004,,,
Lakeer – Forbidden Lines,Ahmed Khan,"Sunil Shetty, Sunny Deol, Sohail Khan, John Abraham, Nauheed Cyrusi","Action, Drama, Romance",,2004,,,
Lakshya,Farhan Akhtar,"Hrithik Roshan, Preity Zinta, Sharad Kapoor, Amitabh Bachchan","War, Drama, Action, Romance",,2004,,,
Let's Enjoy,"Ankur Tewari, Siddharth Anand Kumar","Shomendra Bose, Aashish Chaudhary, Roshni Chopra, Arzoo Govitrikar, Shiv Panditt, Sahil Gupta]], Dhruv Jagasiya",Adult Thriller,,2004,,,
Madhoshi,Tanveer Khan,"Bipasha Basu, John Abraham, Priyanshu Chatterjee","Drama, Romance, Thriller",,2004,,,
Main Hoon Na,Farah Khan,"Shahrukh Khan, Sushmita Sen, Sunil Shetty, Amrita Rao, Zayed Khan, Kiron Kher, Naseeruddin Shah, Kabir Bedi, Satish Shah, Boman Irani, Bindu, Murli Sharma,","Action, Musical, Drama, Comedy",,2004,,,
Maqbool,Vishal Bhardwaj,"Tabu, Pankaj Kapoor, Irrfan Khan, Moushumi Chatterjee, Om Puri","Mystery, Drama",,2004,,,
Masti,Indra Kumar,"Vivek Oberoi, Aftab Shivdasani, Lara Dutta, Riteish Deshmukh, Ajay Devgn, Genelia D'souza, Tara Sharma, Amrita Rao, Rakhi Sawant",Comedy,,2004,,,
Meenaxi: A Tale of Three Cities,M. F. Hussain,"Tabu, Kunal Kapoor, Rajpal Yadav, Nadira Babbar","Romance, Musical Drama",,2004,,,
Meri Biwi Ka Jawaab Nahin,"S. M. Iqbal, Pankaj Parashar","Sridevi, Akshay Kumar","Action, Comedy, Romance",,2004,,,
Mughal-e-Azam (Colorized Version),K. Asif,"Dilip Kumar, Madhubala, Prithviraj Kapoor",Drama,,2004,,,
Mujhse Shaadi Karogi,David Dhawan,"Salman Khan, Priyanka Chopra, Akshay Kumar","Comedy, Romance, Musical",,2004,,,
Murder,Anurag Basu,"Emraan Hashmi, Ashmit Patel, Mallika Sherawat","Thriller, Romance",,2004,,,
Musafir,Sanjay Gupta,"Anil Kapoor, Sanjay Dutt, Sameera Reddy, Koena Mitra, Mahesh Manjrekar",Thriller,,2004,,,
Muskaan,"Rohit Nayyar, Rohit Manash","Aftab Shivdasani, Gracy Singh, Kader Khan, Anupam Kher","Romance, Drama",,2004,,,
Naach,Ram Gopal Varma,"Antara Mali, Abhishek Bachchan, Ritesh Deshmukh",Drama,,2004,,,
Netaji Subhas Chandra Bose: The Forgotten Hero,,"Sachin Khedekar, Kulbhushan Kharbanda, Rajit Kapur, Arif Zakaria, Divya Dutta",,,2004,,,
Nothing but Life,Rajiv Anchal,"R. Madhavan, Kaveri, Sreenivasan",Drama,,2004,,,
Paap,Pooja Bhatt,"John Abraham, Udita Goswami",Drama,,2004,,,
Paisa Vasool,Srinivas Bhashyam,"Manisha Koirala, Sushmita Sen, Sushant Singh, Tinu Anand, Makrand Deshpande",Black Comedy,,2004,,,
Phir Milenge,Revathy,"Shilpa Shetty, Salman Khan, Abhishek Bachchan","Drama, Social",,2004,,,
Plan,Hriday Shetty,"Sanjay Dutt, Priyanka Chopra, Dino Morea, Sanjay Suri, Riya Sen, Rohit Roy, Sameera Reddy",Action,,2004,,,
Police Force: An Inside Story,Dilip Shukla,"Akshay Kumar, Raveena Tandon",Action,,2004,,,
Popcorn Khao! Mast Ho Jao,Kabir Sadanand,"Akshay Kapoor, Tanisha, Yash Tonk, Reshmi Nigam",,,2004,,,
Raincoat,Rituparno Ghosh,"Ajay Devgn, Aishwarya Rai",Drama,,2004,,,
Rakht,Mahesh Manjrekar,"Sunil Shetty, Neha Dhupia, Dino Morea, Himanshu Malik, Amrita Arora, Bipasha Basu, Sanjay Dutt",Horror,,2004,,,
Rok Sako To Rok Lo,Arindam Chowdhury,"Sunny Deol, Yash Pandit",Sports Comedy,,2004,,,
Rudraksh,Mani Shankar,"Suniel Shetty, Sanjay Dutt, Bipasha Basu, Isha Koppikar",Thriller,,2004,,,
Run,Jeeva,"Abhishek Bachchan, Bhoomika Chawla, Ayesha Jhulka, Mahesh Manjrekar","Action, Drama, Romance",,2004,,,
Shaadi Ka Laddoo,Raj Kaushal,"Sanjay Suri, Mandira Bedi, Divya Dutta, Aashish Chaudhary",Comedy,,2004,,,
Shart: The Challenge,Puri Jagannadh,"Tusshar Kapoor, Gracy Singh, Amrita Arora","Action, Drama",,2004,,,
Sheen,Ashok Pandit,"Tarun Arora, Raj Babbar, Anoop Soni, Kiran Juneja",Romance,,2004,,,
Shikhaar,Darshan Bagga,"Kanishka Sodhi, Jas Pandher",Drama,,2004,,,
Shukriya: Till Death Do Us Apart,Anupam Sinha,"Anupam Kher, Aftab Shivdasani, Shriya Saran",Drama,,2004,,,
Silence Please...The Dressing Room,Sanjay Srinivas,"Salil Ankola, Sonali Kulkarni, Tom Alter",Thriller,,2004,,,
Stop!,Ajai Sinha,"Rocky Bhatia, Dia Mirza, Gauri Karnik, Ishita Sharma","Romance, Drama",,2004,,,
Suno Sasurjee,Vimal Kumar,"Aftab, Ameesha Patel","Romantic, Comedy",,2004,,,
Swades,Ashutosh Gowarikar,"Shahrukh Khan, Gayatri Joshi, Kishori Ballal","Drama, Social",,2004,,,
Taarzan: The Wonder Car,Abbas Mustan,"Vatsal Seth, Ayesha Takia, Ajay Devgn",Fantasy Thriller,,2004,,,
Thoda Tum Badlo Thoda Hum,Esmayeel Shroff,"Arya Babbar, Shriya Saran, Ashok Saraf",Romance,,2004,,,
Tumsa Nahin Dekha: A Love Story,Anurag Basu,"Emraan Hashmi, Diya Mirza",Romance,,2004,,,
Uff Kya Jaadoo Mohabbat Hai,Manoj J. Bhatia,"Sammir Dattani, Pooja Kanwal, Sandhya Mridul, Akshay Anand",Romance,,2004,,,
Vaastu Shastra,Saurab Narang,"J. D. Chakravarthy, Ahsaas Channa, Vicky Ahuja, Sushmita Sen",Horror,,2004,,,
Veer-Zaara,Yash Chopra,"Shah Rukh Khan, Preity Zinta, Rani Mukherji, Manoj Bajpai, Amitabh Bachchan, Hema Malini, Kirron Kher, Boman Irani, Divya Dutta, Anupam Kher","Drama, Romance, Family, Musical",,2004,,,
Wajahh: A Reason to Kill,Gautama Adhikari,"Arbaaz Khan, Shamita Shetty, Gracy Singh",Thriller,,2004,,,
Where's the Party Yaar?,Benny Mathews,"Diwakar Pathak, Sunil Malhotra",Comedy,,2004,,,
Woh,Raj N. Sippy,"Priyanshu Chatterjee, Cleo Issacs, Shahbaz Khan",Thriller,,2004,,,
Yeh Lamhe Judaai Ke,Birendra Nath Tiwary,"Shahrukh Khan, Raveena Tandon",Drama,,2004,,,
Yehi Hai Zindagi,Ajay Phansekar,"Gracy Singh, Sahil Khan, Parvin Dabbas",Drama,,2004,,,
Yuva,Mani Ratnam,"Ajay Devgn, Abhishek Bachchan, Vivek Oberoi, Kareena Kapoor, Rani Mukherji, Esha Deol, Om Puri","Drama, Action",,2004,,,
7½ Phere,Ishaan Trvedi,"Juhi Chawla, Irrfan Khan",Comedy,,2005,,,
"99.9 FM,",Sanjay Bhatia,"Shawar Ali, Raima Sen, Dipannita Sharma",Crime / Thriller,,2005,,,
Aashiq Banaya Aapne,Aditya Datt,"Emraan Hashmi, Tanushree Dutta, Sonu Sood","Romance, Drama / Thriller",,2005,,,
Amavas,,,,,2005,,,
Anjaane,Harry W. Fernandes,"Manisha Koirala, Sanjay Kapoor",Thriller,,2005,,,
Apaharan,Prakash Jha,"Ajay Devgn, Bipasha Basu, Nana Patekar","Drama, Action",,2005,,,
Bachke Rehna Re Baba,Govind Menon,"Rekha, Mallika Sherawat, Paresh Rawal, Karan Khanna, Satish Shah",Comedy,,2005,,,
Barsaat,Suneel Darshan,"Bobby Deol, Bipasha Basu, Priyanka Chopra","Romance, Drama, Family",,2005,,,
Bewafaa,Dharmesh Darshan,"Akshay Kumar, Sushmita Sen, Kareena Kapoor, Shamita Shetty, Anil Kapoor, Manoj Bajpai","Drama, Romance",,2005,,,
Bhagmati,Ashok Kaul,"Milind Soman, Mahima Chaudhry, Tabu, Ashok Kaul",Romance,,2005,,,
Bhola in Bollywood,Sumbul Gazi,"Ali Asgar, Siraj Khan, Avtar Gill, Raj Babbar",Comedy,,2005,,,
Black,Sanjay Leela Bhansali,"Amitabh Bachchan, Rani Mukherji, Ayesha Kapur, Shernaz Patel, Nandana Sen, Dhritiman Chaterji","Drama, Social",,2005,,,
Blackmail,Anil Devgan,"Suniel Shetty, Ajay Devgn, Priyanka Chopra, Dia Mirza","Thriller, Drama",,2005,,,
Bluffmaster!,Rohan Sippy,"Abhishek Bachchan, Priyanka Chopra, Nana Patekar, Riteish Deshmukh, Boman Irani",Comedy,,2005,,,
Brides Wanted,,"Anuj Sawhney, Sarah-Jane Dias, Waheeda Rehman, Girish Karnad",Comedy,,2005,,,
Bullet: Ek Dhamaka,Irfan Khan,"Iqbal Khan, Asseem Merchant, Asad Sikandar, Saadhika",Action,,2005,,,
Bunty Aur Babli,Shaad Ali,"Amitabh Bachchan, Abhishek Bachchan, Rani Mukherji, Raj Babbar","Comedy, Crime, Romance, Musical",,2005,,,
Chaahat – Ek Nasha,Jai Prakash,"Manisha Koirala, Aryan Vaid, Preeti Jhangiani",Romance,,2005,,,
Chand Sa Roshan Chehra,Shabah Shamsi,"Samir Aftab, Tamanna Bhatia",Romance,,2005,,,
Chausar,Sagar Sarhadi,,,,2005,,,
Chehraa,Saurabh Shukla,"Bipasha Basu, Dino Morea, Preeti Jhangiani, Irrfan Khan",Thriller,,2005,,,
Chetna: The Excitement,,"Jatin Grewal, Payal Rohatgi, Navneet Kaur",Erotic Drama,,2005,,,
Chocolate,Vivek Agnihotri,"Sunil Shetty, Anil Kapoor, Tanushree Dutta, Arshad Warsi, Emraan Hashmi, Irrfan Khan, Sushama Reddy","Action, Thriller, Suspense",,2005,,,
Chor Mandi,,"Mukul Dev, Razzak Khan, Shweta Keswani",Comedy,,2005,,,
Classic – Dance of Love,Babbar Subhash,"Mithun Chakraborty, Meghna Naidu, Vikas Bhardwaj",Erotic Thriller,,2005,,,
D,Ram Gopal Varma,"Randeep Hooda, Chunky Pandey, Isha Koppikar","Crime, Drama",,2005,,,
Dansh,,"Kay Kay Menon, Sonali Kulkarni",Drama,,2005,,,
Deewane Huye Paagal,Vikram Bhatt,"Akshay Kumar, Sunil Shetty, Shahid Kapoor, Rimi Sen",Romantic Comedy,,2005,,,
Dil Jo Bhi Kahey...,Romesh Sharma,"Amitabh Bachchan, Bhumika Chawla, Karan Sharma, Revathi",Family drama,,2005,,,
Dosti: Friends Forever,,"Akshay Kumar, Bobby Deol, Lara Dutta, Kareena Kapoor, Juhi Chawla","Drama, Romance",,2005,,,
Double Cross - Ek Dhoka,,"Sahil Khan, Negar Khan, Ayesha Jhulka",,,2005,,,
Dreams,,"Aashish Chanana, Neha Pendse, Arzoo Govitrikar, Manoj Bidwani",,,2005,,,
Dus,Nitin Manmohan,"Suniel Shetty, Sanjay Dutt, Shilpa Shetty, Esha Deol, Zayed Khan, Abhishek Bachchan, Dia Mirza, Raima Sen, Gulshan Grover","Action, Thriller",,2005,,,
Ek Ajnabee,Apoorva Lakhia,"Amitabh Bachchan, Arjun Rampal, Perizaad Zorabian",Thriller,,2005,,,
Ek Khiladi Ek Haseena,,"Fardeen Khan, Koena Mitra, Kay Kay Menon",Thriller,,2005,,,
Elaan,,"Arjun Rampal, Ameesha Patel, Mithun Chakraborty, John Abraham, Lara Dutta","Action, Drama",,2005,,,
Fareb,Deepak Tijori,"Shilpa Shetty, Manoj Bajpai, Shamita Shetty",Thriller,,2005,,,
Film Star,Tanuja Chandra,"Mahima Chaudhry, Priyanshu Chatterjee, Vasundhara Das Anup Shukla",,,2005,,,
Fun – Can Be Dangerous Sometimes,,"Aryan Vaid, Hina Rehman, Siddharth Koirala, Payal Rohatgi",Erotic Drama,,2005,,,
Garam Masala,Priyadarshan,"Akshay Kumar, John Abraham, Rimi Sen, Neha Dhupia",Comedy,,2005,,,
Hanuman,,,,,2005,,,
Hazaaron Khwaishein Aisi,Sudhir Mishra,"Shiney Ahuja, Chitrangada Singh, Kay Kay Menon",Drama,,2005,,,
Home Delivery,Sujoy Ghosh,"Vivek Oberoi, Mahima Chaudhry, Ayesha Takia",Comedy,,2005,,,
Hum Dum,Kushan Nandy,"Anjana Sukhani, Romit Raaj",Romance,,2005,,,
Insan,K. Subash,"Akshay Kumar, Ajay Devgn, Lara Dutta, Esha Deol, Tusshar Kapoor, Koena Mitra, Rahul Dev","Action, Thriller",,2005,,,
Iqbal,Nagesh Kukunur,"Shreyas Talpade, Naseeruddin Shah","Sports, Drama, Social",,2005,,,
Jackpot,,"Meghna Naidu, Himanshu Malik","Erotic, Crime",,2005,,,
Jai Chiranjeeva,K. Vijaya Bhaskar,"Arbaaz Khan, Sameera Reddy, Bhumika Chawla, Rahul Dev, Shriya Sharma",Drama,,2005,,,
Jalwa - Fun in Love,,"Kiran Janjani, Monalisa, Viraaj, Neha Bhatt",Erotic romance,,2005,,,
James,,"Mohit Ahlawat, Nisha Kothari",Action,,2005,,,
Jo Bole So Nihaal,,"Sunny Deol, Kamaal Khan, Shillpi Sharma","Action, Comedy",,2005,,,
Jurm,Vikram Bhatt,"Bobby Deol, Milind Soman, Lara Dutta",Thriller,,2005,,,
Kaal,Soham Shah,"Ajay Devgn, Vivek Oberoi, John Abraham, Lara Dutta, Esha Deol","Horror, Thriller",,2005,,,
Kalyug,,"Kunal Khemu, Amrita Singh, Emraan Hashmi",Drama,,2005,,,
Karam,,"John Abraham, Priyanka Chopra, Shiney Ahuja",Thriller,,2005,,,
Kasak,,"Lucky Ali, Meera",,,2005,,,
Khamoshh... Khauff Ki Raat,,"Shilpa Shetty, Juhi Chawla,",Thriller,,2005,,,
Kisna: The Warrior Poet,Subhash Ghai,"Vivek Oberoi, Isha Sharvani","Drama, Historical",,2005,,,
Koi Aap Sa,,"Aftab Shivdasani, Natassha, Himanshu Malik","Drama, Romance",,2005,,,
Koi Mere Dil Mein Hai,,"Priyanshu Chatterjee, Dia Mirza, Rakesh Bapat, Neha",,,2005,,,
Kuchh Meetha Ho Jaye,,"Arshad Warsi, Mahima Chaudhry, Shah Rukh Khan","Comedy, Drama, Romance",,2005,,,
Kyaa Kool Hai Hum,,"Tusshar Kapoor, Riteish Deshmukh, Isha Koppikar, Neha Dhupia",Comedy,,2005,,,
Kyon Ki,Priyadarshan,"Salman Khan, Kareena Kapoor, Rimi Sen, Jackie Shroff, Om Puri, Sunil Shetty","Drama, Romance",,2005,,,
Lucky: No Time for Love,Radhika RaoVinay Sapru,"Salman Khan, Mithun Chakraborty, Sneha Ullal","Romance, Musical",,2005,,,
Main Aisa Hi Hoon,,"Ajay Devgn, Sushmita Sen, Esha Deol",Drama,,2005,,,
"Main, Meri Patni Aur Woh",,"Rajpal Yadav, Rituparna Sen",,,2005,,,
Maine Gandhi Ko Nahin Mara,Jahnu Barua,"Urmila Matondkar, Anupam Kher","Drama, Social",,2005,,,
Maine Pyaar Kyun Kiya?,,"Salman Khan, Sushmita Sen, Katrina Kaif, Sohail Khan, Arshad Warsi, Isha Koppikar",Comedy,,2005,,,
Mangal Pandey: The Rising,Ketan Mehta,"Aamir Khan, Rani Mukherji, Ameesha Patel, Toby Stephens","Drama, Historical",,2005,,,
Mashooka,Afzal Ahmed,"Aditya Bal, Meghna Naidu",Erotic thriller,,2005,,,
Mazaa Mazaa,,"Payal Rohatgi, Farid Amiri, Shivani Singh, Pankaj Beri",,,2005,,,
Men Not Allowed,Shrey Srivastav,"Payal Rohatgi, Tarun Arora",Romance,,2005,,,
Morning Raga,,"Shabana Azmi, Perizaad Zorabian",,,2005,,,
Mr Ya Miss,,"Antara Mali, Aftab Shivdasani, Riteish Deshmukh",Comedy,,2005,,,
Mr Prime Minister,Dev Anand,"Dev Anand, Prem Chopra, Milind Gunaji, A.K. Hangal",Drama,,2005,,,
Mumbai Xpress,Singeetam Srinivasa Rao,"Kamal Haasan, Manisha Koirala, Om Puri, Vijay Raaz",,,2005,,,
Mumbai Godfather,,"Seema Biswas, Vikram Singh",Drama,,2005,,,
My Brother... Nikhil,,"Juhi Chawla, Sanjay Suri","Drama, Social",,2005,,,
My Wife's Murder,Jijy Philip,"Anil Kapoor, Suchitra Krishnamoorthi, Nandana Sen, Boman Irani","Drama, Thriller",,2005,,,
Naam Gum Jaayega,Amol Shetge,"Aryan Vaid, Rakesh Bapat, Dia Mirza, Divya Dutta",Romance,,2005,,,
Naina,,Urmila Matondkar,"Horror, Thriller",,2005,,,
Neal 'n' Nikki,Arjun Sablok,"Uday Chopra, Tanisha, Abhishek Bachchan","Comedy, Romance",,2005,,,
Nigehbaan,,"Sameer Dharmadhikari, Sandali Sinha, Sayaji Shinde, Govind Namdev",,,2005,,,
No Entry,Anees Bazmee,"Anil Kapoor, Salman Khan, Fardeen Khan, Bipasha Basu, Celina Jaitly, Esha Deol, Lara Dutta",Comedy,,2005,,,
Padmashree Laloo Prasad Yadav,Mahesh Manjrekar,"Sunil Shetty, Mahesh Manjrekar, Kim Sharma, Gulshan Grover, Johnny Lever",Comedy,,2005,,,
Page 3,Madhur Bhandarkar,"Konkona Sen Sharma, Atul Kulkarni, Tara Sharma, Sandhya Mridul","Drama, Social",,2005,,,
Pehchaan: The Face of Truth,Shrabani Deodhar,"Vinod Khanna, Raveena Tandon, Rati Agnihotri",Drama,,2005,,,
Paheli,Amol Palekar,"Shah Rukh Khan, Rani Mukherji, Anupam Kher, Juhi Chawla, Sunil Shetty, Amitabh Bachchan, Rajpal Yadav, Naseeruddin Shah, Ratna Pathak Shah","Fantasy, Romance, Musical",,2005,,,
Parineeta,Pradeep Sarkar,"Sanjay Dutt, Saif Ali Khan, Vidya Balan, Dia Mirza, Raima Sen",Drama,,2005,,,
Pyaar Mein Twist,,"Rishi Kapoor, Dimple Kapadia, Soha Ali Khan","Drama, Romance",,2005,,,
Ramji Londonwale,,"Madhavan, Samita Bangargi",,,2005,,,
Revati,,"Kashmira Shah, Kiran, Ayub Khan, Shreyas Talpade, Alok Nath",,,2005,,,
Rog,Himanshu Brahmbhatt,"Irrfan Khan, Himanshu Malik, Ilene Hamann","Drama, Thriller",,2005,,,
Saathi: The Companion,,"Rupa Dutta, Divvij Kak, Anchal Anand, Sameer Ali Khan",,,2005,,,
Salaam Namaste,Siddharth Anand,"Saif Ali Khan, Preity Zinta, Arshad Warsi, Tania Zaetta","Romance, Comedy, Drama, Social",,2005,,,
Sarkar,Ram Gopal Varma,"Amitabh Bachchan, Abhishek Bachchan, Katrina Kaif, Tanisha","Crime, Drama",,2005,,,
Sauda - The Deal,,"Aryan Vaid, Preeti Jhangiani",,,2005,,,
Sehar,,"Arshad Warsi, Mahima Chaudhry",,,2005,,,
Shaadi No. 1,,"Fardeen Khan, Zayed Khan, Sharman Joshi, Esha Deol, Ayesha Takia, Soha Ali Khan, Sanjay Dutt, Rajpal Yadav, Riya Sen, Sophie Choudry, Aarti Chhabria","Comedy, Romance",,2005,,,
Shabd,,"Sanjay Dutt, Aishwarya Rai, Zayed Khan",Drama,,2005,,,
Shabnam Mausi,,Ashutosh Rana,,,2005,,,
Sheesha,,"Neha Dhupia, Sonu Sood",,,2005,,,
Sehar,Kabeer Kaushik,"Arshad Warsi, Mahima Chaudhary",,,2005,,,
Shikhar,John Matthew Matthan,"Ajay Devgn, Bipasha Basu, Shahid Kapoor, Amrita Rao",Drama,,2005,,,
Silsiilay,Khalid Mohamed,"Tabu, Bhumika Chawla, Riya Sen, Rahul Bose, Jimmy Shergill, Divya Dutta, Kay Kay Menon, Celina Jaitly, Natassha, Ashmit Patel",Romance,,2005,,,
Sitam,,"Kiran Janjani, Tara Sharma, Navneet Kaur, Avtar Gill, Suhasini Mulay",,,2005,,,
Socha Na Tha,Imtiaz Ali,"Ayesha Takia, Abhay Deol, Ayesha Jhulka","Romance, Comedy",,2005,,,
Ssukh,,"Govinda, Preeti Jhangiani",,,2005,,,
Taj Mahal: An Eternal Love Story,,"Arbaaz Khan, Kabir Bedi, Manisha Koirala, Pooja Batra","History, Epic, Romance",,2005,,,
Tango Charlie,Mani Shankar,"Ajay Devgn, Bobby Deol, Tanisha, Nandana Sen, Sanjay Dutt, Sunil Shetty","War, Drama",,2005,,,
Tezaab – The Acid of Love,,"Mighty Khan, Parvin Dabas, Shruti Sharma",Erotic,,2005,,,
The Film,Junaid Memon,"Mahima Chaudhry, Khalid Siddiqui, Ananya Khare, Chahat Khanna, Ravi Gossain, Vaibhav Jhalani, Vivek Madan",Thriller,,2005,,,
Time Pass,,"Arjun Punj, Sherlyn Chopra",,,2005,,,
Topless,,"Shweta Menon, Tarun Khanna, Sardar Sohi",,,2005,,,
"U, Bomsi n Me",,"Bobby Bahal, Kenny Desai, Vivek Madan, Vidya Malvade",,,2005,,,
Vaada,,"Arjun Rampal, Ameesha Patel, Zayed Khan",Thriller,,2005,,,
Vaah! Life Ho Toh Aisi!,Mahesh Manjrekar,"Sanjay Dutt, Shahid Kapoor, Amrita Rao","Fantasy, Comedy",,2005,,,
Vidyaarthi,,"Jackie Shroff, Paresh Rawal, Rahul Roy",,,2005,,,
Viruddh... Family Comes First,Mahesh Manjrekar,"Amitabh Bachchan, Sharmila Tagore, John Abraham, Anusha Dandekar, Sanjay Dutt",Drama,,2005,,,
Waqt: The Race Against Time,Vipul Shah,"Amitabh Bachchan, Akshay Kumar, Shefali Shah, Priyanka Chopra, Boman Irani, Rajpal Yadav",Drama,,2005,,,
Yahaan,,"Jimmy Shergill, Minissha Lamba",Romance,,2005,,,
Yakeen,,"Arjun Rampal, Priyanka Chopra, Kim Sharma",Drama,,2005,,,
Zameer: The Fire Within,Kamal,"Ajay Devgn, Ameesha Patel, Mahima Chaudhry",Drama,,2005,,,
Zeher,Mohit Suri,"Shamita Shetty, Emraan Hashmi, Udita Goswami","Drama, Thriller",,2005,,,
36 China Town,Abbas-Mustan,"Kareena Kapoor, Shahid Kapoor, Akshaye Khanna, Isha Koppikar, Upen Patel, Johny Lever, Paresh Rawal, Payal Rohatgi","Thriller, Mystery",,2006,,,
Aap Ki Khatir,Dharmesh Darshan,"Sunil Shetty, Akshaye Khanna, Dino Morea, Amisha Patel, Priyanka Chopra","Comedy, Romance, Social",,2006,,,
Aatma,Deepak Ramsay,"Kapil Jhaveri, Neha",Horror,,2006,,,
Adharm,,"Rahul Dev, Sonali Kulkarni",,,2006,,,
Ahista Ahista,,"Abhay Deol, Soha Ali Khan","Drama, Romance",,2006,,,
Aisa Kyon Hota Hai?,,Rati Agnihotri,Drama,,2006,,,
Aksar,Anant Mahadevan,"Emraan Hashmi, Dino Morea, Udita Goswami, Tara Sharma",Thriller,,2006,,,
Alag,Ashu Trikha,"Dia Mirza, Akshay Kapoor",Drama,,2006,,,
Anjaan,,"Mahek Chahal, Vipul Gupta, Aamir Ali Malik",,,2006,,,
Ankahee,Vikram Bhatt,"Aftab Shivdasani, Amisha Patel, Esha Deol, Hrishita Bhatt","Drama, Romance, Crime",,2006,,,
Anthony Kaun Hai?,,"Sanjay Dutt, Arshad Warsi, Minissha Lamba, Anusha Dhandekar, Gulshan Grover","Comedy, Thriller",,2006,,,
Apna Sapna Money Money,Sangeeth Sivan,"Sunil Shetty, Riteish Deshmukh, Shreyas Talpade, Celina Jaitley, Anupam Kher, Koena Mitra, Chunky Pandey, Riya Sen, Jackie Shroff, Rajpal Yadav",Comedy,,2006,,,
Aryan: Unbreakable,Abhishek Kapoor,"Sohail Khan, Sneha Ullal, Fardeen Khan","Action, Sports, Romance",,2006,,,
Baabul,Ravi Chopra,"Amitabh Bachchan, Hema Malini, Salman Khan, Rani Mukherji, John Abraham","Drama, Romance, Family, Social",,2006,,,
Banaras,Pankaj Parashar,"Urmila Matondkar, Dimple Kapadia, Ashmit Patel, Naseeruddin Shah, Raj Babbar","Drama, Social",,2006,,,
Bas Ek Pal,,"Juhi Chawla, Urmila Matondkar, Jimmy Sheirgill, Sanjay Suri",,,2006,,,
Being Cyrus,,"Saif Ali Khan, Dimple Kapadia, Boman Irani, Naseeruddin Shah","Drama, Comedy",,2006,,,
Bhagam Bhag,Priyadarshan,"Akshay Kumar, Govinda, Paresh Rawal, Lara Dutta, Arbaaz Khan, Jackie Shroff, Rajpal Yadav, Tanushree Dutta, Shakti Kapoor","Comedy, Musical",,2006,,,
Bhoot Unkle,,Jackie Shroff,Comedy,,2006,,,
Chand Ke Paar Chalo,,"Preeti Jhangiani, Sanjay Narvekar",,,2006,,,
Chingaari,Kalpana Lajmi,"Sushmita Sen, Mithun Chakraborty, Sanjay Suri","Drama, Social",,2006,,,
Chup Chup Ke,Priyadarshan,"Kareena Kapoor, Shahid Kapoor, Neha Dhupia, Rajpal Yadav, Sunil Shetty, Paresh Rawal, Anupam Kher","Comedy, Romance",,2006,,,
Corporate,Madhur Bhandarkar,"Bipasha Basu, Kay Kay Menon, Minissha Lamba","Drama, Thriller, Business",,2006,,,
Darna Zaroori Hai,Ram Gopal Varma & Sajid Khan,"Amitabh Bachchan, Sunil Shetty, Bipasha Basu, Anil Kapoor, Arjun Rampal, Riteish Deshmukh, Mallika Sherawat, Randeep Hooda, Rajpal Yadav, Sonali Kulkarni, Nisha Kothari",Horror,,2006,,,
Darwaaza Bandh Rakho,,"Aftab Shivdasani, Manisha Koirala","Comedy, Crime",,2006,,,
Deadline: Sirf 24 Ghante,,"Irrfan Khan, Konkona Sen Sharma",,,2006,,,
Devaki,,"Ram Kapur, Perizaad Zorabian, Suman Ranganathan",Drama,,2006,,,
Dharti Kahe Pukar Ke,Aslam Sheikh,"Ajay Devgn, Manoj Tiwari, Sharbani Mukherjee",Drama,,2006,,,
Dhoom 2,Sanjay Gadhvi,"Hrithik Roshan, Abhishek Bachchan, Aishwarya Rai, Bipasha Basu, Uday Chopra, Rimi Sen","Thriller, Action, Romance, Musical",,2006,,,
Dil Diya Hai,Aaditya Datt,"Emraan Hashmi, Ashmit Patel, Geeta Basra",Thriller,,2006,,,
Don,Farhan Akhtar,"Shah Rukh Khan, Priyanka Chopra, Arjun Rampal, Kareena Kapoor, Boman Irani, Om Puri","Thriller, Action, Drama",,2006,,,
Dor,,"Ayesha Takia, Gul Panag, Shreyas Talpade","Drama, Social",,2006,,,
Dulha Babu,,,,,2006,,,
Eight: The Power of Shani,,"Raj Tara, Gulshan Grover",,,2006,,,
Ek Main Ek Tum,,,,,2006,,,
Family,,"Amitabh Bachchan, Akshay Kumar, Bhumika Chawla","Drama, Thriller",,2006,,,
Fanaa,Kunal Kohli,"Kajol, Aamir Khan, Rishi Kapoor, Kirron Kher, Tabu, Sharat Saxena, Shiney Ahuja, Lara Dutta","Drama, Romance, Thriller, Musical",,2006,,,
Fight Club – Members Only,Vikram Chopra,"Sunil Shetty, Riteish Deshmukh, Zayed Khan, Sohail Khan, Aashish Chaudhary, Yash Tonk, Ashmit Patel, Rahul Dev, Dino Morea, Diya Mirza, Neha Dhupia, Amrita Arora","Action, Thriller",,2006,,,
Gangster,,"Emraan Hashmi, Kangana Ranaut, Shiney Ahuja","Drama, Romance, Thriller, Musical",,2006,,,
Golmaal: Fun Unlimited,Rohit Shetty,"Ajay Devgn, Arshad Warsi, Sharman Joshi, Tusshar Kapoor, Rimi Sen, Paresh Rawal, Sushmita Mukherjee",Comedy,,2006,,,
Haseena,Vicky Ranawat,"Isha Koppikar, Raj Babbar, Kiran Janjani, Preeti Jhangiani","Thriller, Comedy",,2006,,,
Holiday,Pooja Bhatt,"Dino Morea, Onjolee Nair, Kashmira Shah",Romance,,2006,,,
Humko Deewana Kar Gaye,Raj Kanwar,"Akshay Kumar, Katrina Kaif, Bipasha Basu, Anil Kapoor","Romance, Drama, Musical",,2006,,,
Humko Tumse Pyaar Hai,,"Bobby Deol, Amisha Patel, Arjun Rampal","Drama, Romance",,2006,,,
Iqraar by Chance,K. Ravi Shankar,"Shilpa Anand, Amarjeet Shukla, Rahul Dev, Arbaaz Khan","Action, Drama",,2006,,,
I See You,,"Arjun Rampal, Vipasha Agarwal, Sonali Kulkarni, Chunky Pandey, Boman Irani, Kirron Kher","Drama, Romance, Social",,2006,,,
Jaane Hoga Kya,,"Aftab Shivdasani, Bipasha Basu, Preeti Jhangiani, Rahul Dev, Paresh Rawal","Supensene, Thriller, Sci-fi",,2006,,,
Jaadu Sa Chal Gaya,,,,,2006,,,
Jaana - Let's Fall In Love,,"Rajesh Khanna, Zeenat Aman",,,2006,,,
Jaan-E-Mann,Shirish Kunder,"Salman Khan, Akshay Kumar, Preity Zinta","Drama, Romance, Musical, Comedy",,2006,,,
Jawani Diwani,,"Emraan Hashmi, Hrishita Bhatt, Celina Jaitley, Sherlyn Chopra","Comedy, Adult",,2006,,,
Jigyaasa,Faisal Saif,"Hrishita Bhatt, Varsha Usgaonkar, Mukesh Tiwari, Milind Gunaji, Jaya Bhattacharya, Kader Khan","Social, Adult",,2006,,,
Kabul Express,Kabir Khan,"John Abraham, Arshad Warsi","Drama, Thriller, War",,2006,,,
Kabhi Alvida Naa Kehna,Karan Johar,"Amitabh Bachchan, Shahrukh Khan, Abhishek Bachchan, Rani Mukherji, Preity Zinta, Kirron Kher","Drama, Romance, Musical, Comedy, Family, Social",,2006,,,
Khosla Ka Ghosla,,"Anupam Kher, Boman Irani",Comedy,,2006,,,
Krishna,,"Sonu Nigam, Sunidhi Chauhan",,,2006,,,
Krrish,Rakesh Roshan,"Rekha, Hrithik Roshan, Priyanka Chopra, Preity Zinta, Naseeruddin Shah, Sharat Saxena","Superhero, Action, Fantasy, Romance, Musical",,2006,,,
Kudiyon Ka Hai Zamana,Amar Butala,"Rekha, Mahima Chaudhry, Vasundhara Das, Kim Sharma, Ashmit Patel",Comedy,,2006,,,
Lady Chatterjee - Sawan Dutta,,,,,2006,,,
Lage Raho Munna Bhai,Rajkumar Hirani,"Sanjay Dutt, Arshad Warsi, Vidya Balan, Boman Irani, Jimmy Sheirgill, Dia Mirza, Abhishek Bachchan","Comedy, Social, Musical",,2006,,,
Love Ke Chakkar Mein,B. H. Tharunkumar,"Akshat Bhatia, Rishi Kapoor, Namitha, Satish Shah","Romance, Comedy",,2006,,,
Madhubaala,,,,,2006,,,
Malamaal Weekly,,"Paresh Rawal, Om Puri, Ritesh Deshmukh, Reema Sen, Arbaaz Khan, Shakti Kapoor, Asrani",Comedy,,2006,,,
Mere Jeevan Saathi,Suneel Darshan,"Akshay Kumar, Karisma Kapoor, Amisha Patel","Drama, Romance",,2006,,,
Meri Jung,,,,,2006,,,
Mirza Sahiba,,,,,2006,,,
Mobile Phone,,,,,2006,,,
Mr 100% - The Real Player,,,,,2006,,,
Naksha,,"Sunny Deol, Vivek Oberoi, Sameera Reddy, Jackie Shroff","Thriller, Fantasy",,2006,,,
Omkara,Vishal Bhardwaj,"Ajay Devgn, Kareena Kapoor, Saif Ali Khan, Konkona Sen Sharma, Vivek Oberoi, Bipasha Basu","Drama, Social, Action",,2006,,,
Phir Hera Pheri,Neeraj Vora,"Sunil Shetty, Akshay Kumar, Paresh Rawal, Bipasha Basu, Rimi Sen",Comedy,,2006,,,
Prateeksha,,"Jimmy Sheirgill, Dia Mirza",,,2006,,,
Pyaar Ke Side Effects,Saket Chaudhary,"Rahul Bose, Mallika Sherawat","Comedy, Romance",,2006,,,
Pyare Mohan,,"Vivek Oberoi, Fardeen Khan, Esha Deol, Amrita Rao, Boman Irani",Comedy,,2006,,,
Rafta Rafta,,,,,2006,,,
Rang De Basanti,Rakeysh Omprakash Mehra,"Aamir Khan, Kunal Kapoor, Soha Ali Khan, Sharman Joshi, Atul Kulkarni, Madhavan, Alice Patten, Waheeda Rehman, Kirron Kher, Om Puri, Anupam Kher, Mohan Agashe","Drama, Patriotic, Social",,2006,,,
Rehguzar - The Road to Destiny,,,,,2006,,,
Rocky,,"Zayed Khan, Minissha Lamba, Isha Sharvani","Action, Romance",,2006,,,
Saawan... The Love Season,Saawan Kumar Tak,"Salman Khan, Saloni Aswani, Kapil Jhaveri, Johnny Lever","Drama, Romance",,2006,,,
Sacred Evil – A True Story,,Sarika,"Horror, Thriller",,2006,,,
Salaam Bacche,,,,,2006,,,
Sandwich,Anees Bazmee,"Govinda, Raveena Tandon, Mahima Chaudhry",Comedy,,2006,,,
Sarhad Paar,Raman Kumar,"Sanjay Dutt, Tabu, Mahima Chaudhry, Rahul Dev",Drama,,2006,,,
Shaadi Karke Phas Gaya Yaar,K. S. Adiyaman,"Salman Khan, Shilpa Shetty","Drama, Romance",,2006,,,
Shaadi Se Pehle,Satish Kaushik,"Akshaye Khanna, Ayesha Takia, Mallika Sherawat, Sunil Shetty, Aftab Shivdasani, Anupam Kher","Comedy, Romance",,2006,,,
Shikhar,,"Ajay Devgan, Bipasha Basu, Shahid Kapoor, Amrita Rao",Drama,,2006,,,
Shiva,,Nisha Kothari,,,2006,,,
Souten: The Other Woman,,"Gulshan Grover, Mahima Chaudhry",Drama,,2006,,,
Strings - Bound By Faith,,,,,2006,,,
Sun Zara,,,,,2006,,,
Tathastu,Anubhav Sinha,"Sanjay Dutt, Amisha Patel","Drama, Family",,2006,,,
Taxi No. 9211,,"John Abraham, Nana Patekar, Sameera Reddy, Sonali Kulkarni","Social, Thriller",,2006,,,
Teesri Aankh: The Hidden Camera,,"Sunny Deol, Amisha Patel, Neha Dhupia","Action, Thriller",,2006,,,
The Killer,,"Irrfan Khan, Emraan Hashmi, Nisha Kothari",,,2006,,,
The Real Dream Girls,Suresh Jain,"Gulshan Rana, Tanveer Hashmi, Karishma, Dipti Verma",B-grade,,2006,,,
Tom Dick And Harry,Deepak Tijori,"Jimmy Sheirgill, Dino Morea, Anuj Sawhney Celina Jaitley, Kim Sharma",Comedy,,2006,,,
Umar,,,,,2006,,,
Umrao Jaan,J. P. Dutta,"Aishwarya Rai, Abhishek Bachchan, Shabana Azmi, Sunil Shetty, Divya Dutta","Drama, Romance, Social, Historical",,2006,,,
Unns...Means Love,,,,,2006,,,
Utthaan,,"Priyanshu Chatterjee, Neha Dhupia",,,2006,,,
Vivah,Sooraj Barjatya,"Shahid Kapoor, Amrita Rao, Anupam Kher","Romance, Drama",,2006,,,
Waris Shah: Ishq Daa Waaris,Manoj Punj,"Gurdas Mann, Juhi Chawla, Divya Dutta",,,2006,,,
Woh Lamhe...,,"Shiney Ahuja, Kangana Ranaut","Drama, Romance, Social",,2006,,,
Yun Hota Toh Kya Hota,,"Ayesha Takia, Konkona Sen Sharma, Paresh Rawal",Drama,,2006,,,
Zinda,Sanjay Gupta,"Sanjay Dutt, John Abraham, Lara Dutta, Celina Jaitley",Thriller,,2006,,,
Zindaggi Rocks,Tanuja Chandra,"Sushmita Sen, Shiney Ahuja",Drama,,2006,,,
1971,Amrit Sagar,"Manoj Bajpai, Ravi Kishan",War,,2007,,,
50 Lakh,Chandra Sekhar Yeleti,"Pawan Malhotra, Mohit Chadda",,,2007,,,
68 Pages,Sridhar Rangayan,"Mouli Ganguly, Joy Sengupta, Jayati Bhatia",,,2007,,,
Aag,Ram Gopal Varma,"Amitabh Bachchan, Ajay Devgn, Sushmita Sen, Nisha Kothari, Mohanlal, Prashant Raj Sachdev, Rajpal Yadav","Action, Thriller",,2007,,,
Aaja Nachle,Anil Mehta,"Madhuri Dixit, Akshaye Khanna, Kunal Kapoor, Konkona Sen Sharma, Ranvir Shorey",Musical,,2007,,,
Aap Kaa Surroor,Prashant Chadda,"Himesh Reshammiya, Hansika Motwani, Mallika Sherawat, Darshan Jariwala, Raj Babbar, Shravan, VJ Bani, Sachin Khedekar, Anant Mahadevan, Lovepreet Aujla, Marrissa Lawrence, Ishitha Chauhan, Sanjay Sharma, Pankaj Jha, Abhijeet Chavan, Lallan Dubey, Ryan Estrada, Ron Matz","Drama, Thriller, Romance",,2007,,,
Aggar,Anant Mahadevan,"Shreyas Talpade, Tushar Kapoor, Udita Goswami","Drama, Thriller",,2007,,,
Anjaam,Anant Mahadevan,"Emraan Hashmi, Tusshar Kapoor",Thriller,,2007,,,
Anwar,Manish Jha,"Siddharth Koirala, Rajpal Yadav, Nauheed Cyrusi",Drama,,2007,,,
Apna Asmaan,Kaushik Roy,"Irrfan Khan, Shobana",,,2007,,,
Apne,Anil Sharma,"Dharmendra, Sunny Deol, Bobby Deol, Shilpa Shetty, Katrina Kaif, Divya Dutta, Kirron Kher","Family, Drama, Sports",,2007,,,
Aur Pappu Paas Ho Gaya,S. Soni,"Krishna Abhishek, Kashmira Shah, Jackie Shroff",,,2007,,,
Awarapan,Mohit Suri,"Emraan Hashmi, Shriya Saran, Mrinalini Sharma, Ashutosh Rana","Action, Drama",,2007,,,
Bal Ganesh,Pankaj Sharma,"Ashar Shaikh, Adarsh Gautam, Namrata Sawhney",Mythological,,2007,,,
Benaam,Anees Bazmee,"Ajay Devgn, Bhumika Chawla, Sameera Reddy, Mukesh Tiwari",Action,,2007,,,
Bheja Fry,Sagar Ballary,"Vinay Pathak, Sarika, Rajat Kapoor",Comedy,,2007,,,
Bhool Bhulaiyaa,Priyadarshan,"Akshay Kumar, Vidya Balan, Amisha Patel, Shiney Ahuja","Mystery, Thriller, Comedy",,2007,,,
Bhram,Pavan Kaul,"Dino Morea, Milind Soman, Sheetal Menon",Thriller,,2007,,,
Big Brother,Guddu Dhanoa,"Sunny Deol, Priyanka Chopra, Raju Srivastava","Action, Drama, Romance, Crime",,2007,,,
Black Friday,Anurag Kashyap,"Kay Kay Menon, Pavan Malhotra, Aditya Srivastava, Imtiaz Ali, Pratima Kazmi, Zakir Hussain","Crime Fiction, Drama, Historical",,2007,,,
Blood Brothers,Vishal Bhardwaj,"Ayesha Takia, Siddharth, Pankaj Kapur, Pavan Malhotra",Short Film,,2007,,,
The Blue Umbrella,Vishal Bhardwaj,"Shreya Sharma, Pankaj Kapur",,,2007,,,
Bombay to Goa,Raj Pendurkar,"Sunil Pal, Raju Shrivastav, Asrani, Vijay Raaz, Tinu Anand",Comedy,,2007,,,
Buddha Mar Gaya,Rahul Rawail,"Rakhi Sawant, Anupam Kher, Om Puri, Paresh Rawal",Comedy,,2007,,,
Cash,Anubhav Sinha,"Ajay Devgn, Sunil Shetty, Zayed Khan, Riteish Deshmukh, Esha Deol, Shamita Shetty, Dia Mirza, Ayesha Takia",Thriller,,2007,,,
Chak De! India,Shimit Amin,"Shah Rukh Khan, Sagarika Ghatge, Vidya Malvade",Sports,,2007,,,
Chanchal,Indrajit Singh,"Armaan Shahabi, Gracy Singh","Drama, Musical",,2007,,,
Cheeni Kum,R. Balki,"Amitabh Bachchan, Tabu, Paresh Rawal, Zohra Sehgal","Romance, Comedy, Drama",,2007,,,
Chhodon Naa Yaar,Dillip Sood,"Jimmy Sheirgill, Kim Sharma",Horror,,2007,,,
Chooriyan,Sukhwant Dhadda,"Vinod Khanna, Gracy Singh, Sudhanshu Pandey, Vikas Bhalla","Family, Drama",,2007,,,
Cocktail: The Deadly Combination,Maninder Bhandari,"Waqar Khan, Mushtaq Khan, Gufi Paintal",Thriller,,2007,,,
Darling,Ram Gopal Verma,"Fardeen Khan, Isha Koppikar, Esha Deol","Thriller, Horror, Romance, Mystery",,2007,,,
Delhii Heights,Anand Kumar,"Jimmy Sheirgill, Neha Dhupia, Om Puri",,,2007,,,
Dhamaal,Indra Kumar,"Javed Jaffrey, Sanjay Dutt, Riteish Deshmukh, Arshad Warsi, Aashish Chaudhary",Comedy,,2007,,,
Goal,Vivek Agnihotri,"John Abraham, Bipasha Basu, Arshad Warsi, Boman Irani",Sports,,2007,,,
Dharm,Bhavna Talwar,"Pankaj Kapur, Hrishitaa Bhatt, Supriya Pathak",,,2007,,,
Dhokha,Pooja Bhatt,"Muzammil Ibrahim, Tulip Joshi, Anupam Kher",,,2007,,,
Dhol,Priyadarshan,"Kunal Khemu, Sharman Joshi, Rajpal Yadav, Tusshar Kapoor, Tanushree Dutta, Tara Sharma, Arbaaz Khan",Comedy,,2007,,,
Dil Dosti Etc,Manish Tiwary,"Shreyas Talpade, Nikita Anand, Imaad Shah, Smriti Mishra, Ishita Sharma",,,2007,,,
Don't Stop Dreaming,Aditya Raj Kapoor,"Rishi Kapoor, Suniel Shetty",Drama,,2007,,,
Dus Kahaniyaan,Sanjay Gupta,"Sanjay Dutt, Sunil Shetty, Arbaaz Khan, Nana Patekar, Dino Morea, Manoj Bajpai, Aftab Shivdasani, Diya Mirza, Amrita Singh, Neha Dhupia, Minissha Lamba, Tarina Patel, Naseeruddin Shah, Shabana Azmi, Anupam Kher, Natassha",Drama,,2007,,,
Ek Chalis Ki Last Local,Sanjay Khanduri,"Abhay Deol, Neha Dhupia",,,2007,,,
Eklavya: The Royal Guard,Vidhu Vinod Chopra,"Amitabh Bachchan, Sharmila Tagore, Sanjay Dutt, Saif Ali Khan, Vidya Balan, Jimmy Sheirgill, Jackie Shroff, Raima Sen",Drama,,2007,,,
Familywala,Neeraj Vora,"Arjun Rampal, Dia Mirza",,,2007,,,
Fool & Final,Ahmed Khan,"Shahid Kapoor, Sunny Deol, Ayesha Takia, Paresh Rawal, Arbaaz Khan, Vivek Oberoi, Jackie Shroff, Gulshan Grover, Om Puri, Sharmila Tagore, Johnny Lever","Action, Comedy, Romance, Musical",,2007,,,
"Gandhi, My Father",Feroz Abbas Khan,"Akshaye Khanna, Shefali Shah, Bhumika Chawla",Drama,,2007,,,
Gangotri,Abhishek Chhadha,"Amitabh Bachchan, Bhumika Chawla",Drama,,2007,,,
Gauri: The Unborn,Akku Akbar,"Rituparna Sengupta, Atul Kulkarni",Horror,,2007,,,
Go,Manish Shrivastava,"Nisha Kothari, Kay Kay Menon, Rajpal Yadav",,,2007,,,
"Good Boy, Bad Boy",Ashwini Chaudhary,"Emraan Hashmi, Tusshar Kapoor, Isha Sharvani, Tanushree Dutta, Paresh Rawal",Comedy,,2007,,,
Guru,Mani Ratnam,"Abhishek Bachchan, Aishwarya Rai, Mithun Chakraborty, Vidya Balan, R. Madhavan","Drama, Romance",,2007,,,
Har Pal,Jahnu Barua,"Preity Zinta, Shiney Ahuja, Dharmendra, Isha Koppikar",Romance,,2007,,,
Hastey Hastey,Tonny,"Jimmy Sheirgill, Rajpal Yadav, Nisha Rawal, Monishka",Comedy,,2007,,,
Hattrick,Milan Luthria,"Paresh Rawal, Rimi Sen, Kunal Kapoor, Nana Patekar, Danny Denzongpa",Comedy,,2007,,,
Heyy Babyy,Sajid Khan,"Akshay Kumar, Riteish Deshmukh, Fardeen Khan, Vidya Balan, Boman Irani, Anupam Kher","Comedy, Drama, Romance",,2007,,,
Honeymoon Travels Pvt. Ltd.,Reema Kagti,"Shabana Azmi, Boman Irani, Amisha Patel, Sandhya Mridul, Diya Mirza, Minissha Lamba, Kay Kay Menon, Arjun Rampal, Ranvir Shorey, Raima Sen, Karan Khanna, Vikram Chatwal, Abhay Deol","Comedy, Drama, Romance",,2007,,,
Jab We Met,Imtiaz Ali,"Shahid Kapoor, Kareena Kapoor, Pawan Malhotra, Dara Singh","Romance, comedy",,2007,,,
Jahan Jaaeyega Hamen Paaeyega,Janmendra Ahuja,"Govinda (actor)Govinda, Sakshi Sivanand",Comedy,,2007,,,
Jhoom Barabar Jhoom,Shaad Ali,"an, Preity Zinta, Bobby Deol, Lara Dutta, Amitabh Bachchan","Romance, Comedy",,2007,,,
Johnny Gaddaar,Sriram Raghavan,"Neil Mukesh, Dharmendra, Vinay Pathak, Zakir Hussain, Rimi Sen, Dayanand Shetty",Thriller,,2007,,,
Just Married,Meghna Gulzar,"Fardeen Khan, Esha Deol","Drama, Romance, Social, Comedy",,2007,,,
Kaafila,Ammtoje Mann,Sunny Deol,"Action, Patriotic",,2007,,,
Khoya Khoya Chand,Sudhir Mishra,"Shiney Ahuja, Soha Ali Khan","Romance, Drama",,2007,,,
Kya Love Story Hai,Lovely Singh,"Tusshar Kapoor, Ayesha Takia",Romance,,2007,,,
Laaga Chunari Mein Daag,Pradeep Sarkar,"Jaya Bachchan, Rani Mukerji, Abhishek Bachchan, Konkona Sen Sharma, Kunal Kapoor, Anupam Kher",Drama,,2007,,,
Life in a... Metro,Anurag Basu,"Shilpa Shetty, Sharman Joshi, Konkona Sen Sharma, Shiney Ahuja, Kay Kay Menon, Irrfan Khan, Kangana Ranaut, Dharmendra",Drama,,2007,,,
Life Mein Kabhie Kabhiee,Vikram Bhatt,"Dino Morea, Aftab Shivdasani, Anjori Alagh, Nauheed Cyrusi, Sameer Dattani",Thriller,,2007,,,
Loins of Punjab Presents,Manish Acharya,"Shabana Azmi, Ayesha Dharker, Ajay Naidu","Musical, Drama",,2007,,,
Manorama Six Feet Under,Navdeep Singh,"Abhay Deol, Raima Sen, Gul Panag",Thriller,,2007,,,
Marigold,Willard Carroll,"Salman Khan, Ali Larter, Nandana Sen",Romance |,,2007,,,
MP3: Mera Pehla Pehla Pyaar,Robby Grewal,"Ruslaan Mumtaz, Hazel Crowney",Romance,,2007,,,
Mumbai Salsa,Manoj Tyagi,"Vir Das, Linda Arsenio, Manjari Phadnis, Dilip Thadeshwar",,,2007,,,
My Bollywood Bride,Rajeev Virani,"Jason Lewis, Kashmira Shah",Romance,,2007,,,
Namastey London,Vipul Amrutlal Shah,"Akshay Kumar, Katrina Kaif, Rishi Kapoor, Upen Patel, Riteish Deshmukh, Javed Sheikh, Clive Standen, Nina Wadia","Romance, Comedy, Drama, Social",,2007,,,
The Namesake,Mira Nair,"Tabu, Irrfan Khan, Kal Penn",Drama,,2007,,,
Nanhe Jaisalmer,Samir Karnik,"Bobby Deol, Dwij Yadav, Katrina Kaif, Sharat Saxena",Drama,,2007,,,
Naqaab,Abbas Mustan,"Bobby Deol, Akshaye Khanna, Urvashi Sharma",Thriller,,2007,,,
Nehlle Pe Dehlla,Ajay Chandhok,"Sanjay Dutt, Saif Ali Khan, Bipasha Basu, Kim Sharma",Comedy,,2007,,,
Nishabd,Ram Gopal Varma,"Amitabh Bachchan, Jiah Khan, Aftab Shivdasani",Drama,,2007,,,
No Smoking,Anurag Kashyap,"JJohn Abraham, Ayesha Takia, Paresh Rawal, Ranvir Shorey","Drama, Thriller",,2007,,,
Oh My Anand,Angad Keet,"Su Paman, Ramorous Kumar",Comedy,,2007,,,
Om Shanti Om,Farah Khan,"Shah Rukh Khan, Deepika Padukone, Shreyas Talpade, Arjun Rampal, Kiron Kher, Javed Sheikh, Bindu, Yuvika Chaudhary, Satish Shah","Action, Romance, Comedy, Drama",,2007,,,
Partner,David Dhawan,"Salman Khan, Govinda, Lara Dutta, Katrina Kaif, Aarti Chabria, Rajpal Yadav, Dalip Tahil","Comedy, Romance",,2007,,,
Raqeeb,Raj Kanwar,"Rahul Khanna, Jimmy Sheirgill, Sharman Joshi, Tanushree Dutta",Romance,,2007,,,
Red: The Dark Side,Vikram Bhatt,"Aftab Shivdasani, Amrita Arora, Celina Jaitly",Thriller,,2007,,,
Red Swastik,Vinod Pande,"Sherlyn Chopra, Deepshika",Thriller,,2007,,,
Risk,Vishram Sawant,"Vinod Khanna, Randeep Hooda, Tanushree Dutta, Seema Biswas","Action, Drama",,2007,,,
Salaam-e-Ishq: A Tribute to Love,Nikhil Advani,"Salman Khan, Akshaye Khanna, Priyanka Chopra, Anil Kapoor, Ayesha Takia, Juhi Chawla, Vidya Balan, John Abraham, Sohail Khan, Isha Koppikar, Govinda, Shannon Esra",Romance,,2007,,,
Saawariya,Sanjay Leela Bhansali,"Ranbir Kapoor, Sonam Kapoor, Rani Mukerji, Salman Khan","Drama, romance",,2007,,,
Sarhad Paar,Raman Kumar,"Sanjay Dutt, Tabu, Mahima Chaudhry, Chandrachur Singh",Patriotic,,2007,,,
Sambar Salsa,Aditya Raj Kapoor,Rishi Kapoor,,,2007,,,
Say Salaam India,Subhash Kapoor,"Sanjay Suri, Sandhya Mridul, Milind Soman",Cricket,,2007,,,
Shakalaka Boom Boom,Suneel Darshan,"Bobby Deol, Upen Patel, Kangana Ranaut, Celina Jaitly","Drama, social, musical, romance",,2007,,,
Shootout at Lokhandwala,Apoorva Lakhia,"Amitabh Bachchan, Sanjay Dutt, Arbaaz Khan, Vivek Oberoi, Sunil Shetty, Tusshar Kapoor, Abhishek Bachchan, Neha Dhupia, Dia Mirza, Aarti Chabria, Amrita Singh","Action, crime, drama",,2007,,,
Showbiz,Raju Khan,"Tushar Jalota, Mrinalini Sharma",,,2007,,,
Speed,Vikram Bhatt,"Sanjay Suri, Zayed Khan, Urmila Matondkar, Sophie Choudry, Aftab Shivdasani, Tanushree Dutta, Amrita Arora, Aashish Chaudhary",Thriller,,2007,,,
Strangers,Anand Rai,"Jimmy Sheirgill, Kay Kay Menon, Nandana Sen, Sonali Kulkarni",,,2007,,,
Sunglass,Rituparno Ghosh,"Konkona Sen Sharma, R. Madhavan, Raima Sen",,,2007,,,
Swami,Ganesh Acharya,"Manoj Bajpai, Juhi Chawla",Drama,,2007,,,
Ta Ra Rum Pum,Siddharth Anand,"Saif Ali Khan, Rani Mukerji, Javed Jaffrey, Aarti Chabria","Romance, drama, social",,2007,,,
Taare Zameen Par,Aamir Khan,"Aamir Khan, Darsheel Safary, Tisca Chopra",Drama,,2007,,,
Traffic Signal,Madhur Bhandarkar,"Kunal Khemu, Konkona Sen Sharma, Gopal K Singh",Drama,,2007,,,
The Train,"Hasnain Hyderabadwala, Raksha Mistry","Emraan Hashmi, Geeta Basra, Sayali Bhagat",,,2007,,,
Victoria No. 203,Anant Mahadevan,"Om Puri, Anupam Kher, Jimmy Sheirgill, Preeti Jhangiani",Comedy,,2007,,,
Welcome,Anees Bazmee,"Akshay Kumar, Nana Patekar, Anil Kapoor, Katrina Kaif, Mallika Sherawat, Paresh Rawal, Feroz Khan",Comedy,,2007,,,
Yatra,Gautam Ghose,"Rekha, Nana Patekar, Deepti Naval",,,2007,,,
Zamaanat,S. Ramanathan,"Amitabh Bachchan, Arshad Warsi, Karisma Kapoor",Drama,,2007,,,
Humne Jeena Seekh Liya,Milind Ukey,"Siddharth Chandekar, Mrunmayi Deshpande",Comedy,,2008,,JAN,4.0
Rama Rama Kya Hai Dramaa?,S. Chandrakaant,"Rajpal Yadav, Neha Dhupia, Aashish Chaudhary, Amrita Arora, Anupam Kher, Rati Agnihotri, Alan Kapoor",Comedy,,2008,,JAN,4.0
Halla Bol,Rajkumar Santoshi,"Ajay Devgn, Vidya Balan, Pankaj Kapoor",Social,,2008,,JAN,11.0
Bombay to Bangkok,Nagesh Kukunoor,"Shreyas Talpade, Lena Christensen","Comedy, Drama, Romance",,2008,,JAN,18.0
Tulsi,Ajay Kumar,"Irrfan Khan, Manisha Koirala, Arzoo Govitrikar",,,2008,,JAN,18.0
Sunday,Rohit Shetty,"Ajay Devgn, Ayesha Takia, Arshad Warsi, Irrfan Khan, Anjana Sukhani","Action, Comedy",,2008,,JAN,25.0
Superstar,Rohit Jugraj,"Kunal Khemu, Tulip Joshi, Aushima Sawhney, Reema Lagoo, Sharat Saxena",Drama,,2008,,FEB,8.0
Jodhaa Akbar,Ashutosh Gowariker,"Hrithik Roshan, Aishwarya Rai Bachchan, Sonu Sood, Ila Arun","History, Romance",,2008,,FEB,15.0
Black & White,Subhash Ghai,"Anil Kapoor, Anurag Sinha, Shefali Chhaya, Aditi Sharma, Anurag Singh","Social, Drama, History",,2008,,MAR,7.0
Race,Abbas Mustan,"Saif Ali Khan, Akshaye Khanna, Katrina Kaif, Bipasha Basu, Anil Kapoor, Sameera Reddy","Crime, Thriller",,2008,,MAR,21.0
One Two Three,Ashwani Dheer,"Tusshar Kapoor, Paresh Rawal, Suniel Shetty, Esha Deol, Sameera Reddy, Upen Patel, Neetu Chandra, Tanisha","Comedy, Drama",,2008,,MAR,28.0
Shaurya,Samar Khan,"Rahul Bose, Minissha Lamba, Javed Jaffrey, Kay Kay Menon, Amrita Rao",Drama,,2008,,APR,4.0
Krazzy 4,Jaideep Sen,"Juhi Chawla, Arshad Warsi, Irrfan Khan, Suresh Menon, Rajpal Yadav, Dia Mirza",Comedy,,2008,,APR,11.0
U Me Aur Hum,Ajay Devgn,"Ajay Devgn, Kajol, Karan Khanna, Isha Sharvani, Sumeet Raghavan, Divya Dutta",Romance,,2008,,APR,11.0
Pehli Nazar Ka Pyaar,Arshad Khan,"Arbaaz Ali Khan, Vikas Anand, Rahul, Dinesh Hingoo, Tej Sapru",Romance,,2008,,APR,11.0
Sirf,Rajaatesh Nayar,"Kay Kay Menon, Manisha Koirala, Ranvir Shorey, Sonali Kulkarni","Drama, Romance",,2008,,APR,25.0
Tashan,Vijay Krishna Acharya,"Anil Kapoor, Akshay Kumar, Saif Ali Khan, Kareena Kapoor","action, Romance",,2008,,APR,25.0
Mr. Black Mr. White,Deepak Shivdasani,"Sunil Shetty, Arshad Warsi",Comedy,,2008,,MAY,2.0
Anamika,Anant Mahadevan,"Dino Morea, Minissha Lamba, Koena Mitra, Aarti Chabria, Gulshan Grover",Thriller,,2008,,MAY,2.0
Jimmy,Raj N. Sippy,"Mimoh Chakraborty, Rati Agnihotri, Vikas Anand","Drama, action, Crime, Thriller, Romance",,2008,,MAY,9.0
Bhoothnath,Vivek Sharma,"Amitabh Bachchan, Juhi Chawla, Shahrukh Khan, Aman Siddiqui, Priyanshu Chatterjee, Rajpal Yadav, Satish Shah, Aashish Chaudhary, Nauheed Cyrusi","Comedy, Drama, Fantasy",,2008,,MAY,9.0
Jannat,Kunal Deshmukh,"Emraan Hashmi, Sonal Chauhan, Sameer Kochhar, Javed Shaikh","Drama, Romance",,2008,,MAY,16.0
Don Muthu Swami,Ashim Samanta,"Hrishita Bhatt, Mithun Chakraborty, Shakti Kapoor, Rohit Roy",Comedy,,2008,,MAY,23.0
Ghatothkach,Singeetam Srinivasa Rao,,Fantasy,,2008,,MAY,23.0
Woodstock Villa,Hansal Mehta,"Sikandar Kher, Neha Oberoi Arbaaz Khan, Shakti Kapoor, Gulshan Grover, Sachin Khedekar, Boman Irani, Anupama Verma",Thriller,,2008,,MAY,30.0
Aamir,Rajkumar Gupta,Rajeev Khandelwal,"Drama, Thriller",,2008,,JUN,6.0
Sarkar Raj,Ram Gopal Verma,"Amitabh Bachchan, Abhishek Bachchan, Aishwarya Rai Bachchan, Supriya Pathak, Tanisha Mukherjee, Ravi Kale","action, Crime, Drama, Thriller",,2008,,JUN,6.0
Mere Baap Pehle Aap,Priyadarshan,"Akshaye Khanna, Paresh Rawal, Genelia D'Souza, Arzoo Govitrikar, Om Puri, Rajpal Yadav",Comedy,,2008,,JUN,13.0
Summer 2007,Suhail Tatari,"Sikandar Kher, Gul Panag, Neetu Chandra, Susan Brar, Uvika Choudhary",,,2008,,JUN,13.0
De Taali,E. Nivas,"Riteish Deshmukh, Aftab Shivdasani, Ayesha Takia, Rimi Sen, Neha Dhupia","Comedy, Romance",,2008,,JUN,20.0
Haal-e-Dil,Anil Devgan,"Amita Pathak, Nakuul Mehta, Adhyayan Suman","Drama, Romance",,2008,,JUN,20.0
Thoda Pyaar Thoda Magic,Kunal Kohli,"Saif Ali Khan, Rani Mukherji, Amisha Patel, Rishi Kapoor","Drama, Romance, Fantasy",,2008,,JUN,27.0
Thodi Life Thoda Magic,Vinayak Rajesh,"Jackie Shroff, Parmeet Sethi, Paresh Rawal, Arbaaz Khan",Drama,,2008,,JUN,27.0
Via Darjeeling,Arindam Nandy,"Kay Kay Menon, Sonali Kulkarni, Vinay Pathak, Sandhya Mridul, Rajat Kapoor","Drama, Mystery, Thriller",,2008,,JUN,27.0
Jaane Tu... Ya Jaane Na,Abbas Tyrewala,"Imran Khan, Genelia D'Souza, Manjari Phadnis, Ayaz Khan, Paresh Rawal",Romance,,2008,,JUL,4.0
Love Story 2050,Harry Baweja,"Priyanka Chopra, Harman Baweja, Boman Irani","Drama, Musical, Romance",,2008,,JUL,4.0
Mehbooba,Afzal Khan,"Manisha Koirala, Ajay Devgn, Sanjay Dutt",Romance,,2008,,JUL,11.0
Kismat Konnection,Aziz Mirza,"Shahid Kapoor, Vidya Balan, Juhi Chawla, Boman Irani, Om Puri","Comedy, Drama, Romance",,2008,,JUL,18.0
Contract,Ram Gopal Varma,"Adhvik Mahajan, Sakshi Gulati, Kishor Kadam, Sumeet Nijhawan","Thriler, Spy",,2008,,JUL,18.0
Mission Istaanbul,Apoorva Lakhia,"Vivek Oberoi, Shriya Saran, Sunil Shetty, Zayed Khan",Adventure,,2008,,JUL,25.0
Money Hai Toh Honey Hai,Ganesh Acharya,"Govinda, Aftab Shivdasani, Upen Patel, Manoj Bajpai, Hansika Motwani, Celina Jaitly, Kim Sharma, Priyanka Sharma","Comedy, Drama, Romance",,2008,,JUL,25.0
Ugly Aur Pagli,Sachin Khot,"Ranvir Shorey, Mallika Sherawat",Comedy,,2008,,AUG,1.0
Good Luck!,"Karan Sharma, Joginder Sharma","Aryeman, Sayali Bhagat, Ranvir Shorey, Lucky Ali, Archana Puran Singh, Mushtaq Khan, Nazneen Patel",,,2008,,AUG,8.0
Singh Is Kinng,Anees Bazmee,"Akshay Kumar, Katrina Kaif, Om Puri, Neha Dhupia, Javed Jaffrey, Kiron Kher, Ranvir Shorey","action, Comedy, Crime, Romance",,2008,,AUG,8.0
Bachna Ae Haseeno,Siddharth Anand,"Ranbir Kapoor, Bipasha Basu, Minissha Lamba, Deepika Padukone, Kunal Kapoor","Comedy, Drama, Romance",,2008,,AUG,15.0
God Tussi Great Ho,Rumi Jaffery,"Sohail Khan, Salman Khan, Priyanka Chopra, Amitabh Bachchan","Comedy, Romance",,2008,,AUG,15.0
Phoonk,Ram Gopal Varma,"Amruta Khanvilkar, Ahsaas Channa, Kenny Desai, Ashwini Kalsekar",Horror,,2008,,AUG,22.0
Mumbai Meri Jaan,Nishikanth Kamath,"Kay Kay Menon, Soha Ali Khan, Paresh Rawal, R. Madhavan",,,2008,,AUG,22.0
Maan Gaye Mughal-e-Azam,Sanjay Chhel,"Rahul Bose, Mallika Sherawat",Comedy,,2008,,AUG,22.0
Rock On!!,Abhishek Kapoor,"Arjun Rampal, Farhan Akhtar, Prachi Desai, Luke Kenny, Purab Kohli, Koel Purie, Shahana Goswami, Nicolette Bird","Drama, Romance, Musical",,2008,,AUG,29.0
C Kkompany,Sachin Yardi,"Tusshar Kapoor, Raima Sen, Rajpal Yadav, Anupam Kher,",Comedy,,2008,,AUG,29.0
Chamku,Kabeer Kaushik,"Priyanka Chopra, Bobby Deol, Danny Denzongpa, Irrfan Khan, Riteish Deshmukh, Rajpal Yadav","Musical, Romance, Thriller",,2008,,AUG,29.0
Mukhbiir,Mani Shankar,"Jackie Shroff, Om Puri, Sunil Shetty, Rahul Dev, Sameer Dattani, Raima Sen, Sushant Singh",Thriller,,2008,,AUG,29.0
A Wednesday!,Neeraj Pandey,"Naseeruddin Shah, Anupam Kher, Jimmy Sheirgill","Drama, Thriller",,2008,,SEP,5.0
Tahaan,Santosh Sivan,"Rahul Bose, Sarika, Rahul Khanna, Anupam Kher","Adventure, Drama",,2008,,SEP,5.0
1920,Vikram Bhatt,"Rajneesh Duggal, Adah Sharma","Horror, Mystery, Romance, Thriller",,2008,,SEP,12.0
The Last Lear,Rituparno Ghosh,"Amitabh Bachchan, Preity Zinta, Arjun Rampal, Divya Dutta, Shefali Shah, Jisshu Sengupta","Biography, Drama",,2008,,SEP,12.0
Welcome to Sajjanpur,Shyam Benegal,"Shreyas Talpade, Amrita Rao","Comedy, Drama",,2008,,SEP,19.0
Saas Bahu Aur Sensex,Shona Urvashi,"Tanushree Dutta, Ankur Khanna, Kiron Kher, Farooq Sheikh",Comedy,,2008,,SEP,19.0
Hari Puttar: A Comedy of Terrors,"Lucky Kohli, Rajesh Bajaj","Sarika, Zain Khan, Sweeny Khara, Saurabh Shukla, Vijay Raaz, Jackie Shroff, Lilette Dubey",Comedy,,2008,,SEP,26.0
Kidnap,Sanjay Gadhvi,"Sanjay Dutt, Imran Khan, Minissha Lamba, Vidya Malvade, Rahul Dev","Crime, Thriller",,2008,,OCT,2.0
Drona,Goldie Behl,"Abhishek Bachchan, Priyanka Chopra, Kay Kay Menon, Jaya Bachchan","Superhero, action, Adventure, Fantasy",,2008,,OCT,2.0
Hello,Atul Agnihotri,"Sohail Khan, Sharman Joshi, Amrita Arora, Gul Panag, Isha Koppikar","Drama, Romance",,2008,,OCT,10.0
Karzzzz,Satish Kaushik,"Himesh Reshammiya, Benjamin Schoefer, Urmila Matondkar, Dino Morea, Gulshan Grover","action, Romance",,2008,,OCT,17.0
Heroes,Samir Karnik,"Salman Khan, Preity Zinta, Mithun Chakraborty, Bobby Deol, Sunny Deol, Sohail Khan, Vatsal Sheth, Amrita Arora, Dino Morea, Riya Sen",Drama,,2008,,OCT,24.0
Roadside Romeo,Jugal Hansraj,"Saif Ali Khan, Kareena Kapoor, Javed Jaffrey","Animation, Family, Romance",,2008,,OCT,24.0
Golmaal Returns,Rohit Shetty,"Ajay Devgn, Kareena Kapoor, Arshad Warsi, Amrita Arora, Shreyas Talpade, Celina Jaitly, Tusshar Kapoor, Anjana Sukhani",Comedy,,2008,,OCT,29.0
Fashion,Madhur Bhandarkar,"Priyanka Chopra, Kangana Ranaut, Arbaaz Khan, Mugdha Godse, Arjan Bajwa, Samir Soni","Drama, Romance",,2008,,OCT,29.0
EMI - Liya Hai Toh Chukana Parega,Saurabh Kabra,"Sanjay Dutt, Arjun Rampal, Urmila Matondkar, Malaika Arora, Aashish Chaudhary, Neha Oberoi, Manoj Joshi","Comedy, Social",,2008,,NOV,7.0
Ek Vivaah... Aisa Bhi,Kaushik Ghatak,"Sonu Sood, Ishaa Koppikar, Alok Nath",Drama,,2008,,NOV,7.0
Dasvidaniya,Shashant Shah,"Vinay Pathak, Neha Dhupia, Rajat Kapoor, Ranvir Shorey","Comedy, Drama, Musical, Romance",,2008,,NOV,7.0
Dostana,Tarun Mansukhani,"Abhishek Bachchan, John Abraham, Priyanka Chopra, Bobby Deol",Comedy,,2008,,NOV,14.0
Deshdrohi,Jagdish A. Sharma,"Kamaal Rashid Khan, Krishna Abhishek, Hrishitaa Bhatt, Gracy Singh, Zulfi Syed",Politics,,2008,,NOV,14.0
Yuvvraaj,Subhash Ghai,"Anil Kapoor, Salman Khan, Zayed Khan, Katrina Kaif, Boman Irani, Mithun Chakraborty","Musical, Drama, Romance, Family",,2008,,NOV,21.0
Gumnaam – The Mystery,Neeraj Pathak,"Mahima Chaudhry, Dino Morea","Thriller, Mystery",,2008,,NOV,28.0
Oye Lucky! Lucky Oye!,Dibakar Banerjee,"Abhay Deol, Neetu Chandra, Paresh Rawal, Manu Rishi, Richa Chadda, Archana Puran Singh","Comedy, Drama",,2008,,NOV,28.0
Sorry Bhai!,Onir,"Shabana Azmi, Boman Irani, Sanjay Suri, Sharman Joshi, Chitrangada Singh",Romance,,2008,,NOV,28.0
Maharathi,Shivam Nair,"Paresh Rawal, Neha Dhupia, Boman Irani",Thriller,,2008,,DEC,5.0
Dil Kabaddi,Anil Sharma (Senior),"Konkona Sen Sharma, Soha Ali Khan, Irrfan Khan, Rahul Khanna, Rahul Bose,","Comedy, Romance",,2008,,DEC,5.0
Meerabai Not Out,Chandrakant Kulkarni,"Mahesh Manjrekar, Mandira Bedi, Eijaz Khan, Anupam Kher",Drama,,2008,,DEC,5.0
"Oh, My God",Sourabh Shrivastava,"Vinay Pathak, Saurabh Shukla, Divya Dutta, Gaurav Gera, Harsh Chhaya",Comedy,,2008,,DEC,5.0
Rab Ne Bana Di Jodi,Aditya Chopra,"Shah Rukh Khan, Anushka Sharma",Romance,,2008,,DEC,12.0
Wafaa,Rakesh Sawant,"Rajesh Khanna, Laila Khan, Shahib Chopra, Diya Hayat, Tinnu Anand, Sudesh Berry","Romance, Drama, Romance",,2008,,DEC,19.0
Ghajini,A. R. Murugadoss,"Aamir Khan, Asin, Jiah Khan, Pradeep Rawat","action, Drama, Mystery, Romance, Thriller",,2008,,DEC,26.0
Jumbo,Kompin Kemgumnird,"Akshay Kumar, Lara Dutta, Dimple Kapadia, Rajpal Yadav, Gulshan Grover",Animation,,2008,,DEC,26.0
,,,,,2008,,DEC,
Mumbai Chakachak,Sanjay Jha,"Rahul Bose, Ayesha Dharker, Mandira Bedi",Drama,,2009,,JAN,2.0
Horn 'Ok' Pleassss,Rakesh Sarang,"Nana Patekar, Rimi Sen, Muzamil Ibrahim",Romantic comedy,,2009,,JAN,9.0
Chandni Chowk to China,Nikkhil Advani,"Akshay Kumar, Deepika Padukone, Mithun Chakraborty, Ranvir Shorey","Action, Comedy",,2009,,JAN,16.0
Aasma: The Sky Is the Limit,Rohit Nayyar,"Hrishitaa Bhatt, Seema Biswas, Nauheed Cyrusi, Mansi Dovhal, Ravi Gossain",Drama,,2009,,JAN,23.0
Raaz: The Mystery Continues,Mohit Suri,"Emraan Hashmi, Kangana Ranaut, Adhyayan Suman, Jackie Shroff",Horror,,2009,,JAN,23.0
Luck by Chance,Zoya Akhtar,"Farhan Akhtar, Konkona Sen Sharma, Hrithik Roshan, Juhi Chawla, Rishi Kapoor, Sanjay Kapoor, Dimple Kapadia, Isha Sharvani, Shah Rukh Khan",Drama,,2009,,JAN,30.0
Victory,Ajit Pal Mangat,"Harman Baweja, Amrita Rao, Anupam Kher, Gulshan Grover",Sports,,2009,,JAN,30.0
Dev.D,Anurag Kashyap,"Abhay Deol, Mahi Gill, Kalki Koechlin",Romance,,2009,,FEB,6.0
Chal Chala Chal,T. K. Rajeev Kumar,"Govinda, Rajpal Yadav, Reemma Sen, Om Puri",Comedy,,2009,,FEB,6.0
Mere Khwabon Mein Jo Aaye,Madhureeta Anand,"Randeep Hooda, Raima Sen, Arbaaz Khan","Drama, Fantasy, Musical",,2009,,FEB,6.0
Billu,Priyadarshan,"Irrfan Khan, Shah Rukh Khan, Lara Dutta, Om Puri, Rajpal Yadav, Asrani",Drama,,2009,,FEB,13.0
The Stoneman Murders,Manish Gupta,"Kay Kay Menon, Arbaaz Khan, Vikram Gokhale, Rukhsar Rehman","Crime, Drama, Mystery",,2009,,FEB,13.0
Delhi-6,Rakeysh Omprakash Mehra,"Abhishek Bachchan, Sonam Kapoor, Amitabh Bachchan, Waheeda Rehman, Divya Dutta, Rishi Kapoor, Om Puri, Atul Kulkarni, Prem Chopra","Romance, Drama",,2009,,FEB,20.0
Kisse Pyaar Karoon,Ajay Chandock,"Arshad Warsi, Aashish Chaudhary, Aarti Chhabria, Yash Tonk, Udita Goswami",Romance,,2009,,FEB,27.0
13B,Vikram K. Kumar,"R. Madhavan, Neetu Chandra, Saranya, Poonam Dhillon, Ravibabu, Sachin Khedekar, Deepak Dobriyal, Murli Sharma",Horror,,2009,,MAR,6.0
Dhoondte Reh Jaaoge,Umesh Shukla,"Kunal Khemu, Paresh Rawal, Soha Ali Khan, Sonu Sood, Asrani, Johnny Lever",Comedy,,2009,,MAR,6.0
Karma Aur Holi,Manish Gupta,"Sushmita Sen, Randeep Hooda, Naomi Campbell, Suresh Oberoi, Suchitra Krishnamoorthi",Drama,,2009,,MAR,6.0
Jai Veeru,Puneet Sira,"Fardeen Khan, Kunal Khemu, Dia Mirza, Anjana Sukhani",Action Comedy,,2009,,MAR,13.0
Little Zizou,Sooni Taraporevala,"Boman Irani, John Abraham, Kurush Deboo",Comedy,,2009,,MAR,13.0
Gulaal,Anurag Kashyap,"Kay Kay Menon, Deepak Dobriyal, Piyush Mishra, Mahi Gill, Jesse Randhawa, Aditya Shrivastava",Drama,,2009,,MAR,13.0
Aloo Chaat,Robby Grewal,"Aftab Shivdasani, Aamna Sharif, Linda Arsenio, Kulbhushan Kharbanda, Manoj Pahwa, Sanjay Mishra",Romantic comedy,,2009,,MAR,20.0
Barah Aana,Raja Menon,"Naseeruddin Shah, Tannishtha Chatterjee",Drama,,2009,,MAR,20.0
Firaaq,Nandita Das,"Deepti Naval, Naseeruddin Shah, Paresh Rawal, Raghubir Yadav",Political,,2009,,MAR,20.0
Lottery,Hemant Prabhu,"Abhijeet Sawant, Sanjay Narvekar, Mukesh Tiwari, Rucha Gujarati, Manisha Kelkar",Comedy,,2009,,MAR,20.0
Straight,Parvati Balagopalan,"Daman Baggan, Anuj Chaudhary, Ketki Dave, Siddharth Makkar, Gul Panag, Vinay Pathak",Romantic comedy,,2009,,MAR,20.0
Aa Dekhen Zara,Jehangir Surti,"Neil Mukesh, Bipasha Basu, Rahul Dev, Sophie Choudry","Action, Thriller",,2009,,MAR,27.0
Ek: The Power of One,Sangeeth Sivan,"Bobby Deol, Shriya Saran, Nana Patekar, Chunky Pandey, Pradeep, Kulbhushan Kharbanda, Jackie Shroff",Action Thriller,,2009,,MAR,27.0
,,,,,2009,,MAR,
,,,,,2009,,MAR,
8 x 10 Tasveer,Nagesh Kukunoor,"Akshay Kumar, Ayesha Takia, Sharmila Tagore, Javed Jaffrey",Thriller,,2009,,APR,3.0
Ek Se Bure Do,Tarique,"Arshad Warsi, Anita Hassanandani, Rajpal Yadav, Govind Namdeo, Yashpal Sharma, Virendra Saxena, Vijay Raaz, Razzak Khan",Comedy,,2009,,APR,10.0
Pal Pal Dil Ke Saath,V Krishna Kumar,"Ajay Jadeja, Mahie Gill, Satish Shah, Sushma Seth, Vinod Kambli, Sylvie",Drama,,2009,,APR,10.0
Coffee House,Gurbir Grewal,"Ashutosh Rana, Sakshi Tanwar, Harsh Chhaya",Drama,,2009,,APR,10.0
School Days,Dilip Sood,"Pankaj Sharma, Rajiv Sethi, Virender Sharma, Shailly Sehgal",,,2009,,APR,10.0
Royal Utsav,Ravi K. Patwa,"Vikram Kumar, Monalisa, Sudesh Berry, Master Abhishek Sharma, Tripta Chopra, Antra Vishwas, Charu Arora",Historical Drama,,2009,,APR,10.0
Chowrasta Crossroads of Love,Anjan Dutt,"Victor Banerjee, Atul Kulkarni, Roopa Ganguly, Naved Aslam, Aparajita",Drama,,2009,,APR,17.0
Meri Padosan,Prakash Saini,"Sarvar Ahuja, Saadhika Randhawa, Hina Tasleem, Sneha Dhabi, Sanjay Mishra, Ashok Bagla, Khayali",Comedy,,2009,,APR,17.0
Sikandar,Piyush Jha,"Parzan Dastur, Ayesha Kapur, R. Madhavan, Sanjay Suri",Social,,2009,,APR,22.0
99,Raj and D.K.,"Kunal Khemu, Boman Irani, Soha Ali Khan, Cyrus Broacha, Mahesh Manjrekar, Vinod Khanna",Crime comedy,,2009,,MAY,15.0
"Suno Na, Ek Nanhi Awaaz[2]",Amy Thanawala,"Tara Sharma, Dharmendra Gohil, Rinku Patel, Avinash Tiwari",Drama,,2009,,MAY,15.0
Detective Naani,Romilla Mukherjee,"Ava Mukherjee,Zain Khan, Shweta Gulati, Amit Verma",Drama,,2009,,MAY,22.0
Yeh Pal Ho Na Ho kal[3],Ravi Pun,"Prakash Sagar, Rishabh, Tina Rana, Simran",Drama,,2009,,MAY,29.0
Sanam Teri Kasam,Lawrence D'Souza,"Saif Ali Khan, Pooja Bhatt, Atul Agnihotri","Comedy, Romance",,2009,,JUN,5.0
Team - The Force,Ajay Chandhok,"Sohail Khan, Amrita Arora, Yash Tonk",Action,,2009,,JUN,5.0
Kal Kissne Dekha,Vivek Sharma,"Jackky Bhagnani, Vaishali Desai, Rishi Kapoor, Juhi Chawla, Riteish Deshmukh, Sanjay Dutt, Dalip Tahil","Romance, Drama, Social, Comedy",,2009,,JUN,12.0
Zor Lagaa Ke...Haiya!,Girish Girija Joshi,"Mithun Chakraborty, Mahesh Manjrekar, Sachin Khedekar, Raj Zutshi, Ashwin Chitale, Gulshan Grover",,,2009,,JUN,12.0
Let's Dance,Aarif Sheikh,"Ajay Chaudhary, Gayatri Patel",Romance,,2009,,JUN,19.0
Paying Guests,Paritossh Painter,"Shreyas Talpade, Javed Jaffrey, Aashish Chaudhary, Chunky Pandey, Vatsal Sheth, Johnny Lever, Celina Jaitly, Riya Sen, Neha Dhupia",Comedy,,2009,,JUN,19.0
New York,Kabir Khan,"John Abraham, Katrina Kaif, Neil Mukesh, Irrfan Khan","Action Thriller, Romance",,2009,,JUN,26.0
Kambakkht Ishq,Sabbir Khan,"Akshay Kumar, Kareena Kapoor, Aftab Shivdasani, Amrita Arora, Javed Jaffrey, Kirron Kher, Boman Irani","Action, comedy, romance",,2009,,JUL,3.0
Sankat City,Pankaj Advani,"Kay Kay Menon, Anupam Kher, Rimi Sen, Chunky Pandey",Dark comedy,,2009,,JUL,10.0
Shortkut,Neeraj Vora,"Akshaye Khanna, Arshad Warsi, Amrita Rao",Comedy,,2009,,JUL,10.0
Jashnn,Raksha Mistry & Hasnain S Hyderabadwala,"Adhyayan Suman, Anjana Sukhani, Shahana Goswami, Humayun Saeed",Musical,,2009,,JUL,17.0
Luck,Soham Shah,"Sanjay Dutt, Shruti Haasan, Imran Khan, Mithun Chakraborty, Danny Denzongpa, Ravi Kishan, Rati Agnihotri",Action thriller,,2009,,JUL,24.0
Love Aaj Kal,Imtiaz Ali,"Saif Ali Khan, Deepika Padukone, Rishi Kapoor, Rahul Khanna, Neetu Singh",Romance,,2009,,JUL,31.0
Agyaat,Ram Gopal Varma,"Gautam Rode, Nitin Kumar Reddy, Priyanka Kothari",Horror,,2009,,AUG,7.0
Chal Chalein,Ujjwal Singh,"Mithun Chakraborty, Rati Agnihotri, Shilpa Shukla, Mukesh Khanna",Social,,2009,,AUG,7.0
Teree Sang,Satish Kaushik,"Ruslaan Mumtaz, Sheena Shahabadi, Neena Gupta",Drama,,2009,,AUG,7.0
Kaminey,Vishal Bhardwaj,"Shahid Kapoor, Priyanka Chopra, Amole Gupte",Drama,,2009,,AUG,14.0
Life Partner,Rumi Jaffrey,"Govinda, Fardeen Khan, Tusshar Kapoor, Genelia D'Souza, Prachi Desai, Amrita Rao, Anupam Kher","Comedy, romance",,2009,,AUG,14.0
"Three: Love, Lies, Betrayal",Vishal Pandya,"Aashish Chaudhary, Akshay Kapoor Nausheen Ali Sardar",Thriller,,2009,,AUG,21.0
Daddy Cool,K. Murli Manohar Rao,"Suniel Shetty, Aftab Shivdasani, Aarti Chabria, Aashish Chaudhary, Javed Jaffrey, Rajpal Yadav, Sophie Chaudhry, Tulip Joshi, Chunky Pandey, Prem Chopra, Kim Sharma",Comedy,,2009,,AUG,28.0
Kisaan,Puneet Sira,"Jackie Shroff, Sohail Khan, Arbaaz Khan, Diya Mirza, Nauheed Cyrusi",Social,,2009,,AUG,28.0
Love Khichdi,Srinivas Bhashyam,"Randeep Hooda, Rituparna Sengupta, Divya Dutta",Comedy,,2009,,AUG,28.0
Quick Gun Murugun,Shashanka Ghosh,"Rajendra Prasad, Sandhya Mridul, Nassar",Comedy,,2009,,AUG,28.0
Toss,Ramesh Khatkar,"Prashant Raj Sachdev, Ashmit Patel, Rannvijay Singh",Thriller,,2009,,AUG,28.0
Yeh Mera India,N. Chandra,"Anupam Kher, Perizaad Zorabian, Purab Kohli, Rajpal Yadav, Sarika, Seema Biswas",Social,,2009,,AUG,28.0
Aagey Se Right,Indrajit Nattoji,"Shreyas Talpade, Shiv Panditt, Mahi Gill, Kay Kay Menon, Shruti Seth, Shenaz Treasurywala",Comedy,,2009,,SEP,4.0
Chintu Ji,Ranjit Kapoor,"Rishi Kapoor, Priyanshu Chatterjee, Kulraj Randhawa",Comedy,,2009,,SEP,4.0
Fox,Deepak Tijori,"Arjun Rampal, Sagarika Ghatge, Udita Goswami, Sunny Deol, Vipul Gupta",Drama,,2009,,SEP,4.0
Aamras,Rupali Guha,"Jiya Sarang, Pari Sehgal, Rakhi Chadda, Sanya Balsara, Zarina Wahab, Reema, Sukanya Kulkarni, Shubhi, Vikram Kapadia, Usha Bachani, Sonali Sachdev, Meher, Sunil Sinha, Manoj Pahwa",Drama,,2009,,SEP,11.0
Baabarr,Ashu Trikha,"Soham Deepak, Mithun Chakraborty, Urvashi Sharma",Action,,2009,,SEP,11.0
Phir Kabhi,Pradeep Guha,"Mithun Chakraborty, Dimple Kapadia, Gulshan Grover, Rati Agnihotri",Drama,,2009,,SEP,11.0
Vaada Raha,Samir Karnik,"Bobby Deol, Kangana Ranaut, Dwij Yadav, Atul Agnihotri",Romance,,2009,,SEP,11.0
Dil Bole Hadippa!,Anurag Singh,"Shahid Kapoor, Rani Mukerji, Anupam Kher, Dalip Tahil, Rakhi Sawant, Sherlyn Chopra","Romantic comedy, sports",,2009,,SEP,18.0
Wanted,Prabhu Deva,"Salman Khan, Ayesha Takia, Prakash Raj, Vinod Khanna, Mahesh Manjrekar","Action, romance",,2009,,SEP,18.0
Blue Oranges,Rajesh Ganguly,"Rajat Kapoor, Shishir Sharma, Aham Sharma, Puja Kanwal, Rati Agnihotri, Harsh Chhaya",Thriller,,2009,,SEP,18.0
Phir Kabhi,V. K. Prakash,"Mithun Chakraborty, Dimple Kapadia, Rati Agnihotri",Romance,,2009,,SEP,22.0
What's Your Raashee?,Ashutosh Gowarikar,"Harman Baweja, Priyanka Chopra",Romantic comedy,,2009,,SEP,25.0
Do Knot Disturb,David Dhawan,"Govinda, Riteish Deshmukh, Lara Dutta, Sushmita Sen, Sohail Khan, Ranvir Shorey, Rajpal Yadav","Comedy, romance",,2009,,OCT,2.0
Wake Up Sid,Ayan Mukerji,"Ranbir Kapoor, Konkona Sen Sharma, Rahul Khanna, Anupam Kher",Romantic comedy,,2009,,OCT,2.0
Acid Factory,Suparn Verma,"Dia Mirza, Fardeen Khan, Irrfan Khan, Manoj Bajpai, Dino Morea, Aftab Shivdasani, Danny Denzongpa, Gulshan Grover",Action,,2009,,OCT,9.0
All the Best: Fun Begins,Rohit Shetty,"Sanjay Dutt, Ajay Devgn, Fardeen Khan, Bipasha Basu, Mugdha Godse",Comedy,,2009,,OCT,16.0
Blue,Anthony D'souza,"Akshay Kumar, Sanjay Dutt, Lara Dutta, Zayed Khan, Katrina Kaif, Rahul Dev",Action,,2009,,OCT,16.0
Main Aurr Mrs Khanna,Prem Soni,"Salman Khan, Kareena Kapoor, Sohail Khan, Deepika Padukone, Dino Morea, Preity Zinta, Nauheed Cyrusi, Yash Tonk, Bappi Lahiri","Drama, romance",,2009,,OCT,16.0
Bal Ganesh 2,Pankaj Sharma,,Animation,,2009,,OCT,23.0
Fruit and Nut,Kunal Vijaykar,"Boman Irani, Cyrus Broacha, Mahesh Manjrekar, Dia Mirza",Comedy,,2009,,OCT,23.0
Love Ka Tadka,A F Inam & Rajan Wagdhare,"Nauheed Cyrusi, Sameer Dattani",Romantic comedy,,2009,,OCT,23.0
London Dreams,Vipul Shah,"Salman Khan, Ajay Devgn, Asin Thottumkal, Om Puri","Musical, social, drama, romance",,2009,,OCT,30.0
Aladin,Sujoy Ghosh,"Amitabh Bachchan, Sanjay Dutt, Jacqueline Fernandez, Riteish Deshmukh, Sahil Khan, Ratna Pathak Shah",Fantasy,,2009,,OCT,30.0
Ajab Prem Ki Ghazab Kahani,Rajkumar Santoshi,"Ranbir Kapoor, Katrina Kaif, Upen Patel","Comedy, romance",,2009,,NOV,6.0
Jail,Madhur Bhandarkar,"Neil Nitin Mukesh, Mugdha Godse",Social,,2009,,NOV,6.0
Tum Mile,Kunal Deshmukh,"Emraan Hashmi, Soha Ali Khan",Romance,,2009,,NOV,13.0
Aao Wish Karein,Glenn Baretto,"Aftab Shivdasani, Aamna Shariff, Johnny Lever, Ritesh Deshmukh",Fantasy,,2009,,NOV,13.0
Kurbaan,Rensil D'Silva,"Saif Ali Khan, Kareena Kapoor, Vivek Oberoi, Dia Mirza, Om Puri, Kirron Kher, Nauheed Cyrusi","Thriller, romance",,2009,,NOV,20.0
Shaabash! You Can Do It,Shankar Mondal,"Hitesh Agrawal, Mansi Dovhal, Sudesh Berry, Nasir Khan","Comedy, thriller, social",,2009,,NOV,20.0
Marega Salaa,Devang Dholkia,"Jimmy Sheirgill, Kim Sharma, Hrishita Bhatt, Rahul Handa",Action,,2009,,NOV,20.0
De Dana Dan,Priyadarshan,"Akshay Kumar, Katrina Kaif, Sunil Shetty, Paresh Rawal, Neha Dhupia, Sameera Reddy",Comedy,,2009,,NOV,27.0
49,Vinil Matthew,"Ranveer Singh, Parineeti Chopra","Action, romance, Thriller",,2009,,NOV,27.0
Radio,Ishaan Trivedi,"Himesh Reshammiya, Shenaz Treasurywala, Sonal Sehgal",Musical,,2009,,DEC,3.0
Paa,R. Balki,"Amitabh Bachchan, Abhishek Bachchan, Vidya Balan, Paresh Rawal","Drama, family",,2009,,DEC,4.0
Rocket Singh: Salesman of the Year,Shimit Amin,"Ranbir Kapoor, Shazahn Padamsee, Sharon Prabhakar",Comedy,,2009,,DEC,11.0
"Raat Gayi, Baat Gayi?",Saurabh Shukla,"Rajat Kapoor, Vinay Pathak, Neha Dhupia, Navneet Nishan, Dalip Tahil, Anuradha Menon, Aamir Bashir, Iravati Harshe",Drama,,2009,,DEC,18.0
3 Idiots,Rajkumar Hirani,"Aamir Khan, Kareena Kapoor, Sharman Joshi, R. Madhavan, Boman Irani, Omi Vaidya",Comedy,,2009,,DEC,25.0
Accident on Hill Road,Mahesh Nair,"Celina Jaitly, Farooq Sheikh",Thriller,,2009,,DEC,31.0
,,,,,2009,,DEC,
,,,,,2009,,DEC,
